iso3,country,gdi_1990,gdi_1991,gdi_1992,gdi_1993,gdi_1994,gdi_1995,gdi_1996,gdi_1997,gdi_1998,gdi_1999,gdi_2000,gdi_2001,gdi_2002,gdi_2003,gdi_2004,gdi_2005,gdi_2006,gdi_2007,gdi_2008,gdi_2009,gdi_2010,gdi_2011,gdi_2012,gdi_2013,gdi_2014,gdi_2015,gdi_2016,gdi_2017,gdi_2018,gdi_2019,gdi_2020,gdi_2021,gdi_2022,gdi_2023,ISO2,gdi_2002_2022_avg
AFG,Afghanistan,,,,,,,,,,,,,,,,,,,0.69,0.695,0.695,0.685,0.653,0.681,0.673,0.695,0.696,0.709,0.715,0.716,0.715,0.737,0.656,0.66,AF,0.694066666666667
ALB,Albania,0.938,0.936,0.948,0.937,0.931,0.921,0.92,0.918,0.918,0.92,0.926,0.93,0.935,0.92,0.928,0.931,0.934,0.933,0.951,0.952,0.956,0.959,0.963,0.963,0.957,0.968,0.967,0.964,0.964,0.964,0.978,0.977,0.974,0.963,AL,0.954190476190476
DZA,Algeria,,,,,,,,,,,0.784,0.79,0.793,0.804,0.823,0.814,0.819,0.827,0.83,0.838,0.85,0.856,0.865,0.868,0.865,0.873,0.879,0.882,0.882,0.884,0.887,0.887,0.888,0.887,DZ,0.853047619047619
AND,Andorra,,,,,,,,,,,,,,,,,,,,,,,,,,,,,,,,,,,AD,
AGO,Angola,,,,,,,,,,,,,,,0.84,0.84,0.842,0.845,0.848,0.855,0.87,0.833,0.847,0.86,0.871,0.877,0.894,0.898,0.901,0.89,0.906,0.898,0.905,0.906,AO,0.869473684210526
ATG,Antigua and Barbuda,,,,,,,,,,,,,,,,,,,,,,,,,,,,,1.038,1.029,1.027,1.028,1.03,1.031,AG,1.0304
ARG,Argentina,0.971,0.972,0.976,0.983,0.98,0.978,0.985,0.988,0.991,0.994,0.993,0.994,0.996,1.002,0.997,0.999,1.001,0.996,1.001,1,1,0.996,0.995,0.993,0.994,0.996,0.991,0.989,0.993,0.991,0.994,0.987,0.986,0.988,AR,0.995095238095238
ARM,Armenia,,,,,,0.981,0.98,0.967,0.981,0.982,0.942,0.933,0.932,0.931,0.95,0.956,0.96,0.975,0.964,0.967,0.972,0.977,0.977,0.975,0.979,0.979,0.978,0.98,0.997,0.982,1.032,0.987,1.006,1.006,AM,0.974095238095238
AUS,Australia,0.963,0.962,0.963,0.963,0.964,0.964,0.965,0.965,0.966,0.966,0.967,0.958,0.958,0.959,0.958,0.959,0.961,0.962,0.962,0.964,0.964,0.966,0.962,0.962,0.961,0.964,0.966,0.967,0.971,0.971,0.972,0.972,0.98,0.977,AU,0.964809523809524
AUT,Austria,0.941,0.943,0.945,0.947,0.951,0.953,0.953,0.956,0.958,0.957,0.959,0.96,0.962,0.961,0.961,0.964,0.966,0.964,0.963,0.965,0.975,0.975,0.975,0.97,0.97,0.969,0.973,0.971,0.972,0.975,0.978,0.983,0.982,0.985,AT,0.970190476190476
AZE,Azerbaijan,,,,,,0.941,0.943,0.947,0.947,0.938,0.947,0.944,0.946,0.948,0.95,0.955,0.96,0.937,0.947,0.953,0.947,0.944,0.937,0.941,0.951,0.952,0.944,0.95,0.953,0.957,0.971,0.964,0.965,0.983,AZ,0.951047619047619
BHS,Bahamas,0.998,1.001,0.999,0.999,1.001,1.004,1.004,1.005,1.007,1.003,1.001,1.003,1.001,1.003,1,1.002,1.007,1.001,1.002,1.003,1.007,1.009,1.009,1.006,1.009,1.007,1.008,1.008,1.007,0.996,1.009,1.007,1.011,1.015,BS,1.00533333333333
BHR,Bahrain,0.922,0.926,0.931,0.931,0.93,0.911,0.912,0.913,0.933,0.929,0.931,0.928,0.936,0.945,0.962,0.968,0.974,0.972,0.977,0.941,0.947,0.943,0.949,0.946,0.943,0.931,0.933,0.931,0.929,0.962,0.971,0.942,0.957,0.957,BH,0.950428571428571
BGD,Bangladesh,0.756,0.756,0.776,0.785,0.794,0.802,0.812,0.822,0.832,0.842,0.849,0.839,0.82,0.79,0.802,0.812,0.815,0.829,0.841,0.846,0.858,0.864,0.868,0.889,0.881,0.883,0.892,0.904,0.902,0.909,0.916,0.922,0.919,0.918,BD,0.864857142857143
BRB,Barbados,0.968,0.971,0.975,0.976,0.985,0.99,0.991,0.991,0.991,0.992,0.995,0.993,0.994,0.997,0.999,1.003,1.004,1.006,1.01,1.014,1.014,1.016,1.016,1.019,1.023,1.025,1.038,1.027,1.029,1.031,1.031,1.031,1.037,1.035,BB,1.01733333333333
BLR,Belarus,,,,,,1.021,1.038,1.03,1.022,1.015,1.02,1.022,1.025,1.026,1.026,1.026,1.027,1.028,1.03,1.022,1.035,1.031,1.028,1.023,1.019,1.017,1.014,1.009,1.003,1.002,1.006,1.006,1.001,1.009,BY,1.0192380952381
BEL,Belgium,0.956,0.958,0.962,0.966,0.966,0.969,0.97,0.971,0.972,0.976,0.976,0.969,0.968,0.966,0.968,0.967,0.967,0.965,0.965,0.965,0.968,0.967,0.968,0.967,0.969,0.969,0.971,0.971,0.971,0.973,0.974,0.978,0.981,0.979,BE,0.969428571428571
BLZ,Belize,,,,0.927,0.925,0.926,0.922,0.932,0.937,0.936,0.936,0.939,0.936,0.943,0.941,0.943,0.945,0.952,0.954,0.956,0.962,0.965,0.97,0.961,0.977,0.977,0.98,0.982,0.982,0.995,0.987,0.976,0.981,0.981,BZ,0.965
BEN,Benin,,,,,,0.736,0.763,0.767,0.777,0.786,0.789,0.792,0.786,0.794,0.802,0.807,0.812,0.816,0.819,0.822,0.838,0.838,0.836,0.841,0.844,0.85,0.858,0.859,0.859,0.848,0.862,0.86,0.85,0.866,BJ,0.833380952380952
BTN,Bhutan,,,,,,,,,,,,,,,,,,,,,0.951,0.955,0.967,0.954,0.953,0.957,0.94,0.942,0.963,0.976,0.982,0.985,0.973,0.958,BT,0.961384615384615
BOL,Bolivia (Plurinational State of),0.852,0.859,0.877,0.879,0.876,0.891,0.906,0.901,0.9,0.921,0.909,0.921,0.915,0.924,0.93,0.934,0.93,0.93,0.936,0.925,0.932,0.931,0.934,0.934,0.942,0.941,0.942,0.944,0.953,0.954,0.977,0.975,0.963,0.961,BO,0.940285714285714
BIH,Bosnia and Herzegovina,,,,,,,,,,,,,,,,0.919,0.927,0.931,0.936,0.937,0.942,0.94,0.939,0.935,0.936,0.939,0.936,0.932,0.941,0.945,0.954,0.96,0.973,0.967,BA,0.940111111111111
BWA,Botswana,0.943,0.949,0.945,0.946,0.964,0.964,0.962,0.95,0.97,0.958,0.957,0.944,0.951,0.961,0.953,0.951,0.956,0.949,0.952,0.964,0.981,0.978,0.965,0.971,0.967,0.969,0.971,0.974,0.977,0.979,0.993,0.996,0.999,0.997,BW,0.969380952380952
BRA,Brazil,,,,,,,,,,,0.996,0.993,0.995,0.995,0.995,0.996,0.997,0.997,0.996,0.998,0.996,0.996,0.994,0.994,0.994,0.993,0.994,0.996,0.996,0.996,0.993,1.003,1.003,1.002,BR,0.996047619047619
BRN,Brunei Darussalam,0.954,0.961,0.964,0.968,0.97,0.976,0.98,0.981,0.983,0.986,0.986,0.992,0.987,0.988,0.986,0.985,0.986,0.985,0.985,0.983,0.986,0.988,0.991,0.995,1.001,0.998,0.998,1.003,0.996,0.996,0.997,0.995,0.988,0.993,BN,0.991285714285714
BGR,Bulgaria,0.978,0.975,0.98,0.983,0.986,0.987,0.987,0.984,0.985,0.981,0.981,0.983,0.983,0.986,0.987,0.987,0.991,0.99,0.993,0.996,0.997,0.995,0.994,0.997,0.995,0.996,1,1.001,1,1.001,1.003,1.004,1.008,1,BG,0.995428571428571
BFA,Burkina Faso,,,,,,,,,,,,,,,,0.819,0.812,0.842,0.851,0.855,0.867,0.87,0.875,0.879,0.896,0.883,0.884,0.886,0.885,0.905,0.904,0.904,0.908,0.881,BF,0.873611111111111
BDI,Burundi,0.822,0.829,0.824,0.833,0.829,0.832,0.836,0.84,0.861,0.842,0.852,0.855,0.851,0.849,0.854,0.86,0.884,0.884,0.894,0.897,0.909,0.912,0.916,0.92,1.007,0.926,0.928,0.927,0.929,0.93,0.966,0.932,0.932,0.932,BI,0.909857142857143
CPV,Cabo Verde,,,,,,,,,,,,,,,,,,,,0.988,0.985,0.988,0.988,0.989,0.989,1.007,0.982,0.979,0.978,0.976,0.979,0.968,0.964,0.964,CV,0.982857142857143
KHM,Cambodia,,,,,,,,,,,0.894,0.886,0.869,0.889,0.872,0.875,0.878,0.887,0.89,0.891,0.9,0.897,0.902,0.911,0.916,0.916,0.923,0.92,0.923,0.936,0.937,0.943,0.937,0.939,KH,0.905333333333333
CMR,Cameroon,,,,,,0.857,0.863,0.859,0.859,0.858,0.858,0.867,0.849,0.866,0.866,0.865,0.868,0.879,0.866,0.861,0.864,0.864,0.873,0.878,0.863,0.889,0.892,0.894,0.896,0.895,0.896,0.906,0.896,0.898,CM,0.877428571428571
CAN,Canada,0.984,0.984,0.984,0.981,0.98,0.981,0.981,0.976,0.976,0.979,0.978,0.979,0.979,0.98,0.98,0.98,0.98,0.981,0.98,0.982,0.981,0.982,0.983,0.984,0.984,0.985,0.985,0.986,0.986,0.987,0.989,0.993,0.997,0.991,CA,0.984
CAF,Central African Republic,,,,,,,,,,,,,,,,,,,,,,,,,,,,,,,,,,,CF,
TCD,Chad,,,,,,,,,,,,,,,,,,,,,,,,,,,,,0.787,0.776,0.782,0.785,0.786,0.787,TD,0.7832
CHL,Chile,0.929,0.928,0.935,0.936,0.938,0.937,0.941,0.94,0.944,0.94,0.943,0.938,0.94,0.946,0.943,0.945,0.949,0.946,0.948,0.954,0.955,0.959,0.958,0.96,0.961,0.962,0.962,0.968,0.967,0.968,0.97,0.973,0.974,0.967,CL,0.95752380952381
CHN,China,0.853,0.869,0.903,0.908,0.912,0.916,0.92,0.922,0.925,0.915,0.917,0.92,0.926,0.932,0.937,0.948,0.949,0.951,0.954,0.957,0.961,0.951,0.951,0.95,0.95,0.95,0.951,0.952,0.951,0.961,0.971,0.973,0.975,0.976,CN,0.952428571428571
COL,Colombia,,0.995,1.015,1.008,0.99,0.988,0.983,0.984,0.987,0.994,0.996,0.976,0.996,0.991,0.99,0.988,0.971,0.993,0.988,0.993,0.993,0.992,0.993,0.994,0.991,0.992,0.992,0.993,0.992,0.992,0.982,1.001,0.993,0.992,CO,0.990952380952381
COM,Comoros,,,,,,,,,,,0.82,0.825,0.83,0.835,0.851,0.846,0.85,0.852,0.855,0.858,0.866,0.869,0.872,0.876,0.899,0.885,0.892,0.899,0.907,0.913,0.921,0.923,0.929,0.929,KM,0.87752380952381
COG,Congo,,,,,,,,,,,,,,,,0.881,0.88,0.887,0.894,0.93,0.896,0.891,0.887,0.893,0.898,0.903,0.904,0.904,0.907,0.91,0.92,0.921,0.923,0.924,CG,0.901611111111111
COD,Congo (Democratic Republic of the),,,,,,,,,,,,,,,,0.806,0.801,0.801,0.807,0.809,0.818,0.821,0.817,0.835,0.841,0.848,0.855,0.858,0.862,0.869,0.88,0.884,0.885,0.886,CD,0.838722222222222
CRI,Costa Rica,,,,,,,,,,,0.946,0.968,0.961,0.961,0.96,0.971,0.966,0.967,0.98,0.961,0.978,0.977,0.98,0.981,0.979,0.987,0.98,0.985,0.988,0.989,0.998,0.995,0.997,0.975,CR,0.978142857142857
HRV,Croatia,,,,,,0.942,0.942,0.944,0.948,0.948,0.952,0.958,0.962,0.975,0.976,0.979,0.982,0.981,0.983,0.986,0.988,0.985,0.986,0.989,0.991,0.992,0.99,0.989,0.994,0.994,0.991,0.997,0.998,0.999,HR,0.986095238095238
CUB,Cuba,,,,,,0.929,0.923,0.927,0.926,0.926,0.925,0.924,0.922,0.926,0.94,0.945,0.953,0.959,0.953,0.955,0.963,0.958,0.951,0.954,0.951,0.958,0.961,0.967,0.967,0.97,0.972,0.977,0.976,0.975,CU,0.956095238095238
CYP,Cyprus,0.931,0.933,0.933,0.931,0.934,0.94,0.939,0.942,0.945,0.953,0.956,0.961,0.962,0.96,0.959,0.96,0.962,0.962,0.964,0.963,0.962,0.967,0.972,0.975,0.987,0.984,0.981,0.985,0.977,0.975,0.979,0.984,0.989,0.996,CY,0.971857142857143
CZE,Czechia,0.94,0.945,0.959,0.949,0.948,0.951,0.952,0.955,0.956,0.958,0.958,0.96,0.963,0.965,0.966,0.967,0.969,0.97,0.971,0.974,0.975,0.975,0.977,0.982,0.982,0.983,0.983,0.984,0.98,0.981,0.982,0.989,0.987,0.987,CZ,0.976428571428571
CIV,Côte d'Ivoire,,,,,,,,,,,,,,,,,,,,,0.866,0.871,0.844,0.873,0.881,0.882,0.885,0.88,0.885,0.889,0.896,0.897,0.92,0.91,CI,0.882230769230769
DNK,Denmark,0.978,0.978,0.98,0.977,0.977,0.975,0.979,0.98,0.985,0.985,0.986,0.986,0.987,0.989,0.992,0.991,0.992,0.993,0.993,0.997,0.994,0.985,0.982,0.983,0.974,0.98,0.982,0.983,0.984,0.985,0.985,0.989,0.991,0.99,DK,0.987190476190476
DJI,Djibouti,,,,,,,,,,,,,,,,,,,,,,,,,,0.787,0.792,0.814,0.798,0.802,0.807,0.81,0.813,0.814,DJ,0.802875
DMA,Dominica,,,,,,,,,,,,,,,,,,,,,,,,,,,,,,,,,,,DM,
DOM,Dominican Republic,0.912,0.916,0.929,0.887,0.93,0.931,0.935,0.935,0.931,0.941,0.951,0.953,0.959,0.958,0.956,0.962,0.962,0.965,0.969,0.973,0.986,0.996,1.002,0.998,0.997,1.01,1.011,1.015,1.015,1.021,1.027,1.031,1.029,1.024,DO,0.99247619047619
ECU,Ecuador,,,,,,,,,,,,,,,,,,,,,0.982,0.982,0.983,0.98,0.978,0.98,0.983,0.984,0.987,0.991,1.012,1.004,0.996,0.998,EC,0.987846153846154
EGY,Egypt,0.824,0.822,0.832,0.835,0.841,0.835,0.812,0.852,0.847,0.843,0.845,0.854,0.849,0.852,0.853,0.846,0.843,0.854,0.833,0.791,0.864,0.888,0.894,0.889,0.888,0.902,0.904,0.905,0.897,0.884,0.884,0.89,0.895,0.895,EG,0.871666666666667
SLV,El Salvador,,,,,,0.94,0.937,0.932,0.938,0.94,0.935,0.93,0.931,0.936,0.939,0.94,0.952,0.966,0.956,0.957,0.978,0.973,0.971,0.982,0.984,0.983,0.985,0.984,0.982,0.979,1.013,0.972,0.976,0.983,SV,0.968523809523809
GNQ,Equatorial Guinea,,,,,,,,,,,,,,,,,,,,,,,,,,,,,,,,,,,GQ,
ERI,Eritrea,,,,,,,,,,,,,,,,,,,,,,,,,,,,,,,,,,,ER,
EST,Estonia,1.004,1.005,1.009,1.012,1.024,1.029,1.018,1.024,1.026,1.025,1.028,1.035,1.039,1.035,1.035,1.032,1.035,1.036,1.034,1.032,1.028,1.024,1.024,1.014,1.021,1.024,1.021,1.025,1.026,1.025,1.021,1.027,1.025,1.023,EE,1.0277619047619
SWZ,Eswatini (Kingdom of),,,,,,,,,,,,,,,,,,,,,,,,,,0.941,0.96,0.95,0.953,0.955,0.961,0.986,0.964,0.964,SZ,0.95875
ETH,Ethiopia,,,,,,,,,,,0.726,0.74,0.75,0.753,0.774,0.779,0.812,0.828,0.839,0.847,0.855,0.858,0.864,0.853,0.868,0.869,0.87,0.874,0.878,0.882,0.886,0.881,0.885,0.886,ET,0.843095238095238
FJI,Fiji,,,,,,,,,,,0.924,0.923,0.922,0.92,0.918,0.939,0.924,0.928,0.931,0.936,0.943,0.958,0.95,0.946,0.948,0.95,0.954,0.946,0.945,0.945,0.947,0.943,0.947,0.948,FJ,0.94
FIN,Finland,1.003,1.005,1.007,1.003,1.003,1.005,1.008,1.002,1.003,1.004,0.998,0.997,0.995,0.993,1,1,1.003,1.004,1.001,1.002,1.003,1.004,1,0.989,0.99,0.99,0.99,0.99,0.989,0.988,0.991,0.989,0.994,0.992,FI,0.99547619047619
FRA,France,0.983,0.985,0.986,0.987,0.984,0.983,0.984,0.983,0.984,0.982,0.982,0.982,0.982,0.984,0.984,0.985,0.986,0.987,0.986,0.989,0.986,0.987,0.986,0.985,0.986,0.986,0.986,0.987,0.987,0.988,0.991,0.988,0.992,0.993,FR,0.986571428571428
GAB,Gabon,,,,,,0.974,0.974,0.974,0.975,0.975,0.974,0.976,0.978,0.978,0.979,0.982,0.98,0.981,0.981,0.983,0.993,0.982,0.981,0.984,0.986,0.987,0.989,0.992,0.989,0.989,0.99,0.986,0.99,0.994,GA,0.984761904761905
GMB,Gambia,,,,,,,,,,,,,,,,,,,,,0.861,0.863,0.867,0.876,0.885,0.895,0.905,0.915,0.944,0.932,0.941,0.942,0.945,0.959,GM,0.905461538461538
GEO,Georgia,,,,,,,,,,,0.943,0.931,0.93,0.931,0.944,0.94,0.956,0.97,0.963,0.956,0.962,0.969,0.973,0.974,0.976,0.98,0.979,0.992,0.991,0.994,0.999,0.997,1.008,1.009,GE,0.970666666666667
DEU,Germany,0.924,0.937,0.946,0.944,0.945,0.946,0.946,0.946,0.945,0.945,0.944,0.948,0.951,0.955,0.958,0.946,0.947,0.95,0.947,0.949,0.949,0.953,0.953,0.954,0.956,0.958,0.963,0.965,0.966,0.967,0.965,0.971,0.972,0.975,DE,0.956904761904762
GHA,Ghana,0.811,0.822,0.83,0.82,0.823,0.823,0.827,0.83,0.844,0.849,0.844,0.847,0.851,0.854,0.856,0.862,0.875,0.873,0.876,0.879,0.894,0.892,0.895,0.903,0.901,0.911,0.91,0.908,0.917,0.919,0.923,0.923,0.929,0.933,GH,0.892904761904762
GRC,Greece,0.938,0.927,0.94,0.942,0.937,0.947,0.948,0.949,0.952,0.955,0.955,0.957,0.957,0.957,0.96,0.96,0.962,0.964,0.963,0.968,0.966,0.967,0.967,0.966,0.968,0.972,0.969,0.969,0.969,0.968,0.971,0.971,0.968,0.963,GR,0.965809523809524
GRD,Grenada,,,,,,,,,,,,,,,,,,,,,,,,,,0.972,0.982,0.977,0.989,0.99,0.987,0.981,0.983,0.984,GD,0.982625
GTM,Guatemala,,,,,,,,,,,0.899,0.895,0.914,0.913,0.912,0.9,0.925,0.907,0.908,0.908,0.923,0.909,0.925,0.925,0.932,0.924,0.923,0.924,0.922,0.926,0.918,0.945,0.934,0.934,GT,0.919857142857143
GIN,Guinea,,,,,,,,,,,,,,,,,,,,,,,,,,,,,,0.822,0.825,0.826,0.828,0.828,GN,0.82525
GNB,Guinea-Bissau,,,,,,,,,,,,,,,,,,,,,,,,,,,,,0.87,0.851,0.874,0.876,0.884,0.878,GW,0.871
GUY,Guyana,,,,,,,,,,,,,,,,,,,,,,,,,,,,,0.987,0.99,0.989,0.986,0.991,0.992,GY,0.9886
HTI,Haiti,0.844,0.845,0.845,0.847,0.847,0.855,0.856,0.86,0.863,0.877,0.873,0.872,0.873,0.866,0.878,0.888,0.882,0.876,0.882,0.887,0.845,0.896,0.901,0.902,0.907,0.913,0.915,0.918,0.919,0.923,0.928,0.928,0.931,0.932,HT,0.898
HND,Honduras,0.882,0.903,0.909,0.902,0.902,0.911,0.925,0.931,0.913,0.94,0.942,0.941,0.93,0.937,0.937,0.979,0.974,0.979,0.98,0.984,0.983,0.982,0.982,0.994,0.997,1,0.996,0.991,1.004,0.974,0.998,0.984,0.974,0.964,HN,0.979
HKG,"Hong Kong, China (SAR)",0.916,0.921,0.922,0.925,0.928,0.933,0.935,0.936,0.937,0.939,0.945,0.948,0.951,0.952,0.953,0.952,0.954,0.951,0.961,0.961,0.963,0.962,0.962,0.964,0.966,0.967,0.967,0.976,0.976,0.974,0.968,0.971,0.974,0.976,HK,0.963095238095238
HUN,Hungary,0.975,0.977,0.985,0.986,0.988,0.982,0.979,0.977,0.984,0.984,0.981,0.983,0.988,0.994,0.993,0.994,0.998,1.001,0.999,0.998,0.998,0.994,0.993,0.992,0.989,0.99,0.987,0.988,0.985,0.986,0.988,0.993,0.992,0.989,HU,0.992380952380952
ISL,Iceland,0.952,0.971,0.972,0.968,0.973,0.973,0.977,0.982,0.976,0.981,0.981,0.986,0.981,0.971,0.969,0.967,0.966,0.971,0.968,0.973,0.973,0.967,0.961,0.961,0.965,0.965,0.974,0.978,0.982,0.988,0.983,0.975,0.988,0.983,IS,0.972666666666667
IND,India,0.728,0.727,0.726,0.723,0.723,0.724,0.732,0.74,0.747,0.755,0.764,0.786,0.787,0.803,0.803,0.799,0.806,0.808,0.812,0.816,0.819,0.828,0.826,0.838,0.838,0.837,0.84,0.84,0.824,0.836,0.843,0.846,0.856,0.874,IN,0.824047619047619
IDN,Indonesia,0.833,0.849,0.873,0.877,0.881,0.882,0.876,0.883,0.888,0.893,0.894,0.901,0.902,0.903,0.899,0.899,0.908,0.909,0.914,0.914,0.922,0.925,0.929,0.926,0.926,0.931,0.935,0.933,0.937,0.94,0.944,0.944,0.943,0.945,ID,0.923
IRN,Iran (Islamic Republic of),0.731,0.742,0.75,0.757,0.763,0.77,0.783,0.794,0.807,0.819,0.83,0.836,0.845,0.851,0.869,0.876,0.882,0.884,0.875,0.877,0.88,0.874,0.878,0.866,0.865,0.867,0.879,0.882,0.884,0.882,0.873,0.872,0.876,0.875,IR,0.873190476190476
IRQ,Iraq,,,,,,0.667,0.687,0.696,0.712,0.721,0.724,0.729,0.73,0.731,0.756,0.763,0.782,0.788,0.777,0.769,0.778,0.782,0.786,0.793,0.796,0.802,0.822,0.794,0.789,0.793,0.799,0.789,0.795,0.793,IQ,0.781619047619048
IRL,Ireland,0.95,0.953,0.957,0.958,0.961,0.964,0.969,0.971,0.976,0.978,0.979,0.982,0.985,0.984,0.968,0.972,0.972,0.969,0.97,0.972,0.972,0.97,0.972,0.97,0.969,0.973,0.978,0.98,0.982,0.987,0.986,0.991,0.996,1.001,IE,0.977047619047619
ISR,Israel,0.913,0.916,0.92,0.921,0.925,0.934,0.941,0.94,0.936,0.936,0.941,0.942,0.942,0.942,0.944,0.959,0.973,0.974,0.975,0.969,0.969,0.968,0.97,0.971,0.973,0.976,0.973,0.987,0.979,0.989,0.991,0.982,0.991,0.994,IL,0.971285714285714
ITA,Italy,0.943,0.944,0.944,0.946,0.95,0.949,0.951,0.953,0.957,0.957,0.955,0.959,0.957,0.958,0.963,0.963,0.965,0.966,0.969,0.969,0.969,0.97,0.971,0.969,0.969,0.968,0.97,0.969,0.969,0.971,0.975,0.972,0.975,0.975,IT,0.967952380952381
JAM,Jamaica,,,,,,0.97,0.972,0.973,0.973,0.974,0.973,0.995,0.983,0.985,0.987,0.991,0.994,0.996,1.005,1.002,1.009,1.01,1.011,1.014,1.015,1.004,1.005,1.007,1.009,1.01,1.01,1.009,1.011,1.013,JM,1.00319047619048
JPN,Japan,0.952,0.953,0.955,0.944,0.946,0.946,0.947,0.948,0.95,0.958,0.959,0.96,0.96,0.96,0.961,0.961,0.961,0.961,0.961,0.958,0.957,0.957,0.958,0.959,0.96,0.961,0.962,0.964,0.965,0.966,0.965,0.966,0.97,0.97,JP,0.961571428571428
JOR,Jordan,,,,,,,,,,,0.827,0.826,0.834,0.832,0.835,0.836,0.841,0.856,0.854,0.857,0.862,0.866,0.867,0.862,0.857,0.863,0.88,0.892,0.886,0.877,0.888,0.883,0.883,0.861,JO,0.862428571428571
KAZ,Kazakhstan,,,,,,,,,,,1.004,1.002,1.008,1.01,1.014,1.017,1.021,1.026,1.019,1.018,1.014,1.013,1.012,1.019,1.018,1.004,1.005,1,1.01,0.999,1.005,1.012,1.004,1.004,KZ,1.01180952380952
KEN,Kenya,,,,,,,,,,0.875,0.87,0.87,0.867,0.866,0.868,0.885,0.881,0.891,0.899,0.907,0.923,0.927,0.93,0.932,0.935,0.938,0.93,0.94,0.938,0.945,0.948,0.952,0.945,0.944,KE,0.91652380952381
KIR,Kiribati,,,,,,,,,,,,,,,,0.922,0.934,0.941,0.945,0.949,0.955,0.957,0.955,0.953,0.95,0.944,0.95,0.953,0.955,0.947,0.968,0.97,0.974,0.976,KI,0.951222222222222
PRK,Korea (Democratic People's Rep. of),,,,,,,,,,,,,,,,,,,,,,,,,,,,,,,,,,,KP,
KOR,Korea (Republic of),0.901,0.904,0.906,0.928,0.928,0.929,0.93,0.933,0.928,0.929,0.933,0.934,0.934,0.932,0.935,0.936,0.937,0.936,0.937,0.927,0.933,0.933,0.934,0.935,0.936,0.937,0.939,0.941,0.944,0.946,0.947,0.948,0.949,0.959,KR,0.937904761904762
KWT,Kuwait,,,,,,0.956,0.955,0.965,0.972,0.973,0.978,0.981,0.982,1.003,0.997,1.004,1.008,1.007,1.005,0.995,0.997,1,0.995,1.008,1.006,1.006,1.005,1.006,1.009,1.01,1.011,1.01,1.022,1.011,KW,1.00409523809524
KGZ,Kyrgyzstan,,,,,,,,,,,0.974,0.974,0.968,0.976,0.97,0.972,0.975,0.981,0.983,0.981,0.978,0.976,0.974,0.964,0.964,0.967,0.961,0.953,0.949,0.953,0.95,0.957,0.956,0.959,KG,0.967047619047619
LAO,Lao People's Democratic Republic,,,,,,0.806,0.806,0.81,0.816,0.821,0.826,0.832,0.839,0.852,0.856,0.863,0.866,0.871,0.876,0.88,0.891,0.892,0.897,0.901,0.905,0.908,0.911,0.923,0.916,0.918,0.926,0.921,0.925,0.911,LA,0.892238095238095
LVA,Latvia,,,,,,,1.037,1.023,1.023,1.023,1.034,1.037,1.039,1.035,1.038,1.046,1.048,1.043,1.047,1.043,1.04,1.034,1.033,1.026,1.03,1.033,1.032,1.033,1.031,1.024,1.025,1.031,1.028,1.026,LV,1.03519047619048
LBN,Lebanon,,,,,,,,,,,,,,,,0.886,0.899,0.902,0.909,0.918,0.93,0.936,0.945,0.952,0.958,0.966,0.975,0.985,0.991,1.013,0.995,0.999,0.992,0.992,LB,0.952833333333333
LSO,Lesotho,,,,,,0.958,0.951,1.026,1.009,1.008,0.985,0.978,0.969,0.964,0.962,0.954,0.925,0.965,0.983,0.982,0.989,0.995,0.996,0.996,0.994,0.995,0.993,0.991,0.991,0.994,0.995,0.999,1.005,1.006,LS,0.982714285714286
LBR,Liberia,,,,,,,,,,,,,,,,0.774,0.778,0.783,0.788,0.793,0.84,0.809,0.813,0.819,0.832,0.824,0.821,0.885,0.842,0.848,0.859,0.864,0.864,0.865,LR,0.824222222222222
LBY,Libya,,,,,,,,,,,,,,,,,,,,,0.964,0.977,0.976,0.974,0.982,0.983,0.984,0.98,0.978,0.98,0.968,0.975,0.974,0.955,LY,0.976538461538462
LIE,Liechtenstein,,,,,,,,,,,0.969,0.966,0.964,0.963,0.963,0.964,0.961,0.961,0.957,0.961,0.96,0.957,0.958,0.955,0.953,0.951,0.953,0.958,0.96,0.962,0.963,0.966,0.965,0.964,LI,0.959761904761905
LTU,Lithuania,,,,,,1.001,1.005,0.998,0.998,1.003,1.013,1.02,1.018,1.022,1.024,1.037,1.041,1.041,1.03,1.031,1.04,1.044,1.038,1.031,1.026,1.03,1.029,1.023,1.02,1.017,1.023,1.022,1.028,1.022,LT,1.02928571428571
LUX,Luxembourg,,,,,,,,,,,0.994,0.993,0.988,0.972,0.978,0.975,0.976,0.986,0.975,0.963,0.975,0.975,0.981,0.98,0.989,0.985,0.992,0.992,0.996,0.992,0.997,0.998,0.999,0.996,LU,0.984
MDG,Madagascar,,,,,,,,,,,0.896,0.901,0.901,0.911,0.908,0.899,0.915,0.919,0.923,0.924,0.938,0.937,0.924,0.94,0.941,0.952,0.94,0.941,0.941,0.94,0.939,0.935,0.94,0.934,MG,0.928952380952381
MWI,Malawi,,,,,,,,,0.855,0.861,0.868,0.868,0.87,0.879,0.88,0.872,0.88,0.877,0.88,0.885,0.898,0.9,0.905,0.899,0.913,0.914,0.917,0.924,0.925,0.926,0.934,0.929,0.927,0.925,MW,0.901619047619048
MYS,Malaysia,,,,,,,,,0.929,0.931,0.941,0.943,0.946,0.953,0.952,0.949,0.948,0.949,0.952,0.952,0.957,0.971,0.973,0.967,0.982,0.985,0.981,0.981,0.985,0.987,0.988,0.976,0.973,0.973,MY,0.967
MDV,Maldives,,,,,,,,,,,0.921,0.919,0.922,0.926,0.926,0.929,0.934,0.935,0.939,0.965,0.947,0.949,0.951,0.954,0.961,0.957,0.997,0.964,0.969,1.016,0.972,0.979,0.985,0.986,MV,0.956047619047619
MLI,Mali,,,,,,,,,,,,,,,0.827,0.819,0.862,0.874,0.839,0.82,0.819,0.82,0.85,0.868,0.823,0.85,0.813,0.81,0.767,0.767,0.829,0.816,0.802,0.812,ML,0.825
MLT,Malta,0.875,0.882,0.885,0.887,0.883,0.891,0.903,0.899,0.903,0.898,0.915,0.914,0.921,0.926,0.915,0.924,0.931,0.931,0.944,0.937,0.937,0.948,0.952,0.958,0.958,0.966,0.964,0.97,0.972,0.972,0.977,0.977,0.982,0.977,MT,0.950571428571429
MHL,Marshall Islands,,,,,,,,,,,,,,,,,,,,,,0.927,0.924,0.923,0.922,0.923,0.922,0.922,0.922,0.953,0.94,0.948,0.96,0.96,MH,0.932166666666667
MRT,Mauritania,,,,,,,,,,,0.833,0.853,0.838,0.845,0.849,0.855,0.856,0.859,0.862,0.861,0.865,0.864,0.873,0.868,0.86,0.852,0.856,0.877,0.868,0.881,0.881,0.884,0.886,0.886,MR,0.863809523809524
MUS,Mauritius,0.898,0.912,0.914,0.918,0.924,0.901,0.899,0.904,0.912,0.913,0.916,0.905,0.911,0.915,0.916,0.923,0.927,0.933,0.938,0.94,0.946,0.946,0.953,0.958,0.961,0.967,0.965,0.972,0.976,0.976,0.99,0.985,0.984,0.971,MU,0.951523809523809
MEX,Mexico,0.863,0.903,0.907,0.911,0.909,0.914,0.922,0.922,0.924,0.923,0.926,0.927,0.927,0.931,0.933,0.94,0.94,0.942,0.944,0.948,0.952,0.953,0.952,0.954,0.954,0.955,0.958,0.96,0.964,0.968,0.979,0.982,0.978,0.976,MX,0.953047619047619
FSM,Micronesia (Federated States of),,,,,,,,,,,,,,,,,,,,,,,,,0.926,0.93,0.932,0.936,0.937,0.941,0.947,0.948,0.951,0.953,FM,0.938666666666667
MDA,Moldova (Republic of),,,,,,,,,,,,,,,,0.997,0.997,1.004,1.005,1.008,1.014,1.017,1.015,1.02,1.019,1.021,1.023,1.023,1.02,1.022,1.02,1.02,1.028,1.029,MD,1.01516666666667
MCO,Monaco,,,,,,,,,,,,,,,,,,,,,,,,,,,,,,,,,,,MC,
MNG,Mongolia,,,,,,0.995,0.996,0.994,0.995,0.991,1.007,1.022,1.036,1.026,1.044,1.042,1.041,1.036,1.035,1.036,1.034,1.036,1.037,1.038,1.037,1.037,1.035,1.038,1.034,1.041,1.038,1.033,1.029,1.03,MN,1.03633333333333
MNE,Montenegro,,,,,,,,,,,,,,,,0.95,0.956,0.952,0.965,0.957,0.957,0.961,0.964,0.964,0.964,0.964,0.963,0.968,0.963,0.973,0.972,0.977,0.979,0.984,ME,0.963833333333333
MAR,Morocco,0.736,0.738,0.735,0.732,0.729,0.775,0.766,0.761,0.762,0.789,0.79,0.792,0.796,0.807,0.813,0.815,0.82,0.825,0.825,0.825,0.833,0.837,0.838,0.842,0.845,0.847,0.847,0.843,0.846,0.849,0.853,0.858,0.857,0.859,MA,0.834333333333333
MOZ,Mozambique,,,,,,0.795,0.803,0.818,0.814,0.819,0.825,0.834,0.841,0.853,0.855,0.858,0.865,0.869,0.875,0.882,0.891,0.892,0.9,0.909,0.916,0.923,0.914,0.906,0.913,0.92,0.932,0.928,0.919,0.92,MZ,0.893380952380952
MMR,Myanmar,,,,,,,,,,,,,,,,,,,,,,,,,,0.963,0.954,0.973,0.975,0.974,0.97,0.948,0.948,0.947,MM,0.963125
NAM,Namibia,0.972,0.969,0.97,0.97,0.978,0.97,0.963,0.956,0.942,0.942,0.943,0.941,0.943,0.938,0.942,0.941,0.953,0.962,0.972,0.97,0.981,0.984,0.993,1.002,1.003,0.996,1.014,1.001,1.014,1.008,1.011,1.007,1.01,1.011,,0.983095238095238
NRU,Nauru,,,,,,,,,,,,,,,,0.937,0.93,0.933,0.94,0.936,0.94,0.942,0.945,0.951,0.951,0.953,0.954,0.953,0.952,0.954,0.956,0.956,0.957,0.955,NR,0.946666666666667
NPL,Nepal,0.674,0.694,0.707,0.724,0.738,0.753,0.777,0.778,0.785,0.777,0.804,0.817,0.832,0.854,0.851,0.857,0.866,0.871,0.88,0.881,0.897,0.902,0.905,0.908,0.912,0.913,0.899,0.866,0.874,0.885,0.884,0.851,0.855,0.858,NP,0.878238095238095
NLD,Netherlands,0.943,0.944,0.947,0.951,0.946,0.948,0.951,0.952,0.955,0.952,0.954,0.959,0.959,0.96,0.962,0.95,0.95,0.953,0.953,0.954,0.957,0.959,0.956,0.956,0.956,0.958,0.959,0.96,0.961,0.962,0.961,0.968,0.968,0.971,NL,0.958190476190476
NZL,New Zealand,0.959,0.959,0.964,0.964,0.97,0.968,0.975,0.978,0.979,0.979,0.979,0.977,0.975,0.974,0.971,0.971,0.968,0.969,0.968,0.964,0.963,0.97,0.972,0.971,0.962,0.962,0.972,0.968,0.978,0.968,0.969,0.97,0.969,0.973,NZ,0.969238095238095
NIC,Nicaragua,,,,,,,,,,,0.929,0.919,0.92,0.927,0.927,0.956,0.932,0.931,0.936,0.942,0.955,0.963,0.98,0.968,0.977,0.948,0.947,0.945,0.946,0.948,0.955,0.954,0.952,0.952,NI,0.948047619047619
NER,Niger,,,,,,,,,,,0.662,0.675,0.671,0.675,0.676,0.691,0.702,0.718,0.741,0.755,0.783,0.729,0.703,0.772,0.839,0.805,0.792,0.77,0.809,0.856,0.841,0.848,0.891,0.855,NE,0.765095238095238
NGA,Nigeria,0.775,0.779,0.78,0.786,0.789,0.79,0.792,0.792,0.79,0.791,0.792,0.793,0.795,0.798,0.804,0.814,0.821,0.827,0.832,0.838,0.847,0.859,0.848,0.846,0.856,0.857,0.859,0.867,0.86,0.835,0.867,0.88,0.887,0.892,NG,0.842714285714286
MKD,North Macedonia,,,,,,,,,,,0.919,0.931,0.926,0.928,0.925,0.93,0.929,0.928,0.928,0.931,0.935,0.939,0.938,0.942,0.95,0.944,0.943,0.943,0.947,0.949,0.95,0.95,0.957,0.955,MK,0.938666666666667
NOR,Norway,0.981,0.98,0.981,0.979,0.978,0.981,0.981,0.983,0.987,0.989,0.996,0.997,0.996,0.995,0.994,0.999,0.999,1,1.005,1,0.997,1.001,1.001,1,0.999,0.997,0.993,0.995,0.997,0.994,0.99,0.996,0.997,0.995,NO,0.997380952380952
OMN,Oman,,,,,,,,,,,0.875,0.859,0.866,0.877,0.878,0.883,0.885,0.887,0.895,0.891,0.907,0.91,0.92,0.932,0.934,0.941,0.949,0.948,0.946,0.945,0.942,0.935,0.938,0.945,OM,0.914714285714286
PAK,Pakistan,0.541,0.572,0.581,0.59,0.602,0.594,0.605,0.621,0.629,0.64,0.651,0.654,0.631,0.671,0.667,0.67,0.697,0.699,0.698,0.723,0.726,0.727,0.7,0.742,0.75,0.759,0.741,0.755,0.761,0.815,0.831,0.84,0.839,0.838,PK,0.735333333333333
PLW,Palau,,,,,,,,,,,,,,,,,,,,,0.985,0.985,0.985,0.984,1.012,1.003,1.003,1.002,1,1,1.002,0.995,0.994,0.992,PW,0.996153846153846
PSE,"Palestine, State of",,,,,,,,,,,,,,,0.8,0.799,0.815,0.828,0.83,0.832,0.833,0.848,0.856,0.859,0.872,0.873,0.874,0.876,0.881,0.885,0.881,0.885,0.894,0.945,PS,0.853736842105263
PAN,Panama,,,,,,0.962,0.964,0.967,0.987,0.987,0.97,0.969,0.973,0.989,0.977,0.98,0.993,0.996,0.997,0.999,0.999,1.001,1.005,1.001,1.008,1.006,1.008,1.01,1.013,1.011,1.028,1.016,1.014,1.014,PA,1.00114285714286
PNG,Papua New Guinea,,,,,,,,,,,0.865,0.866,0.868,0.871,0.873,0.876,0.878,0.88,0.883,0.886,0.898,0.9,0.904,0.908,0.913,0.917,0.919,0.921,0.922,0.925,0.928,0.927,0.927,0.926,PG,0.901142857142857
PRY,Paraguay,0.927,0.837,0.933,0.94,0.937,0.952,0.956,0.936,0.937,0.944,0.933,0.953,0.942,0.945,0.952,0.945,0.945,0.952,0.956,0.955,0.956,0.969,0.978,0.981,0.976,0.984,0.984,0.989,0.988,0.991,0.995,1,0.988,0.988,PY,0.970047619047619
PER,Peru,,,,,,,,,,,,0.934,0.942,0.94,0.939,0.936,0.937,0.94,0.934,0.937,0.94,0.944,0.947,0.948,0.946,0.949,0.95,0.953,0.953,0.956,0.974,0.967,0.952,0.959,PE,0.946857142857143
PHL,Philippines,0.946,0.946,0.947,0.968,0.974,0.979,0.971,0.973,0.955,0.957,0.956,0.986,0.967,0.991,0.997,0.996,0.99,0.99,0.99,0.989,0.99,0.991,0.993,0.993,0.996,0.996,1,1.002,0.998,0.999,0.994,0.999,1.002,0.984,PH,0.99347619047619
POL,Poland,0.987,0.987,0.983,0.981,0.985,0.987,0.989,0.988,0.99,0.992,0.992,0.993,0.993,0.993,0.996,1.005,1.005,1.004,1.005,1.007,1.011,1.013,1.012,1.012,1.01,1.008,1.01,1.009,1.012,1.01,1.014,1.018,1.018,1.012,PL,1.00785714285714
PRT,Portugal,0.983,0.973,0.979,0.981,0.978,0.981,0.985,0.981,0.99,0.984,0.986,0.988,0.989,0.997,0.998,0.999,0.999,0.995,0.992,0.993,0.995,0.992,0.991,0.991,0.991,0.989,0.99,0.991,0.995,0.994,0.995,0.997,1.002,1,PT,0.994047619047619
QAT,Qatar,,,,,,0.963,0.963,0.981,0.978,0.985,0.996,1.019,1.001,1.001,1.009,1.002,1.006,1.001,0.991,0.991,1.011,1.004,1.015,1.006,1.016,1.027,1.029,1.026,1.022,1.026,1.032,1.024,1.045,1.036,QA,1.01357142857143
ROU,Romania,0.939,0.941,0.944,0.947,0.953,0.956,0.955,0.959,0.956,0.957,0.961,0.965,0.966,0.966,0.966,0.974,0.979,0.978,0.987,0.991,0.987,0.985,0.981,0.981,0.983,0.981,0.983,0.989,0.99,0.993,0.995,0.992,0.991,0.986,RO,0.982761904761905
RUS,Russian Federation,,,,,,,,,,,,,,1.051,1.052,1.053,1.045,1.041,1.037,1.033,1.037,1.033,1.029,1.027,1.026,1.023,1.019,1.009,1.016,1.012,1.012,1.004,1.016,1.023,RU,1.02875
RWA,Rwanda,,,,,,0.881,0.881,0.889,0.893,0.876,0.883,0.894,0.899,0.893,0.905,0.914,0.908,0.912,0.925,0.93,0.936,0.94,0.942,0.947,0.941,0.946,0.938,0.91,0.934,0.934,0.939,0.922,0.922,0.922,RW,0.925571428571429
KNA,Saint Kitts and Nevis,,,,,,,,,,,,,,,,,,,,,,,,,,,,,,,,,,,KN,
LCA,Saint Lucia,0.972,0.972,0.987,0.998,0.997,0.997,0.987,0.978,0.977,0.99,0.993,0.985,1.002,1,1.001,1.013,1.011,1.007,1.005,1.015,1.005,1.007,1.005,1.003,1.008,0.994,1.018,1.024,1.019,1.02,1.026,1.023,1.016,1.016,LC,1.01057142857143
VCT,Saint Vincent and the Grenadines,,,,,,,,,,,,,,,,,,,,,,,,,,,,,,,,,,,VC,
WSM,Samoa,,,,,,0.93,0.932,0.931,0.93,0.926,0.929,0.928,0.929,0.932,0.934,0.936,0.936,0.935,0.93,0.922,0.928,0.921,0.971,0.957,0.958,0.958,0.959,0.985,0.959,0.959,0.961,0.956,0.975,0.955,WS,0.947666666666667
SMR,San Marino,,,,,,,,,,,1.013,1.013,1.013,1.014,1.015,1.014,1.015,1.016,1.015,1.009,1.014,0.996,0.986,0.985,0.984,0.983,0.982,0.993,0.992,0.993,0.995,0.985,0.99,0.991,SM,0.99947619047619
STP,Sao Tome and Principe,,,,,,,,,,,,,,,,0.911,0.915,0.918,0.92,0.922,0.924,0.929,0.933,0.935,0.936,0.949,0.955,0.965,0.964,0.968,0.975,0.978,0.98,0.98,ST,0.943166666666667
SAU,Saudi Arabia,0.812,0.819,0.815,0.824,0.827,0.83,0.833,0.836,0.839,0.841,0.838,0.841,0.845,0.855,0.861,0.864,0.863,0.859,0.863,0.877,0.879,0.901,0.911,0.914,0.914,0.913,0.917,0.899,0.903,0.906,0.917,0.928,0.937,0.931,SA,0.891714285714286
SEN,Senegal,,,,,,,,,,,,,,,,0.827,0.84,0.841,0.851,0.864,0.879,0.912,0.896,0.897,0.897,0.905,0.915,0.892,0.904,0.882,0.913,0.919,0.927,0.924,SN,0.886722222222222
SRB,Serbia,,,,,,,,,,,,,,,0.95,0.95,0.952,0.954,0.958,0.958,0.96,0.962,0.963,0.975,0.976,0.976,0.976,0.978,0.977,0.982,0.986,0.986,0.994,0.987,RS,0.969105263157895
SYC,Seychelles,,,,,,,,,,,,,,,,,,,,,0.989,1.003,0.982,0.989,1.015,1.011,1.011,1,1.004,1.014,1.029,0.995,0.993,1.004,SC,1.00269230769231
SLE,Sierra Leone,,,,,,,,,,,,,,0.806,0.809,0.798,0.8,0.806,0.807,0.809,0.816,0.816,0.816,0.819,0.829,0.816,0.816,0.817,0.834,0.823,0.825,0.826,0.83,0.83,SL,0.8159
SGP,Singapore,0.932,0.94,0.941,0.942,0.945,0.948,0.953,0.958,0.956,0.958,0.961,0.96,0.962,0.965,0.968,0.973,0.978,0.98,0.979,0.977,0.985,0.986,0.987,0.986,0.987,0.988,0.988,0.989,0.988,0.99,0.991,0.993,0.996,0.994,SG,0.982666666666667
SVK,Slovakia,0.965,0.965,0.969,0.969,0.967,0.971,0.974,0.977,0.981,0.984,0.987,0.989,0.987,0.988,0.987,0.988,0.993,0.994,0.998,0.996,0.995,0.993,0.992,0.991,0.993,0.995,0.993,0.996,0.997,0.995,0.996,1.003,1.003,0.999,SK,0.993952380952381
SVN,Slovenia,0.967,0.969,0.974,0.97,0.971,0.973,0.977,0.98,0.981,0.983,0.991,0.99,0.993,0.991,0.992,1.002,1.009,1.01,1.006,1.005,1.005,1.009,1.005,0.996,1,1.001,1.001,1.001,1.002,1.003,1.002,1.004,1.001,0.997,SI,1.00180952380952
SLB,Solomon Islands,,,,,,,,,,,,,,,,,,,,,0.931,0.929,0.928,0.923,0.925,0.924,0.923,0.921,0.921,0.922,0.927,0.924,0.926,0.927,SB,0.924923076923077
SOM,Somalia,,,,,,,,,,,,,,,,,,,,,,,,,,,,,,,,,0.787,0.793,SO,0.787
ZAF,South Africa,0.975,0.978,0.974,0.971,0.973,0.975,0.972,0.96,0.958,0.962,0.997,0.972,0.972,0.966,0.961,0.958,0.958,0.969,0.952,0.956,0.962,0.968,0.972,0.977,0.982,0.97,0.987,0.983,0.966,0.959,0.967,0.982,0.996,0.996,ZA,0.969666666666667
SSD,South Sudan,,,,,,,,,,,,,,,,,,,,,,,,,,,,,,,,,,,SS,
ESP,Spain,0.947,0.951,0.955,0.957,0.96,0.965,0.967,0.964,0.966,0.966,0.968,0.966,0.971,0.971,0.975,0.975,0.978,0.979,0.979,0.982,0.981,0.981,0.981,0.981,0.981,0.982,0.987,0.987,0.988,0.988,0.992,0.992,0.992,0.989,ES,0.982047619047619
LKA,Sri Lanka,0.959,0.947,0.943,0.934,0.951,0.938,0.937,0.958,0.963,0.954,0.955,0.95,0.951,0.944,0.936,0.953,0.961,0.972,0.971,0.969,0.949,0.951,0.949,0.958,0.96,0.964,0.962,0.965,0.962,0.957,0.954,0.957,0.961,0.951,LK,0.957428571428571
SDN,Sudan,,,,,,,,,,,,,,,,,,,0.808,0.801,0.828,0.838,0.838,0.843,0.842,0.839,0.839,0.835,0.836,0.829,0.821,0.812,0.73,0.813,SD,0.8226
SUR,Suriname,,,,,,,,,,,,,,,0.967,0.969,0.972,0.974,0.977,0.983,0.985,0.989,0.992,0.989,0.992,0.989,0.991,0.988,0.989,0.991,0.998,0.99,0.993,0.993,SR,0.985157894736842
SWE,Sweden,0.987,0.988,0.988,1.004,1,0.998,1,1.002,0.99,0.988,0.99,0.99,0.99,0.991,0.996,0.991,0.993,0.993,0.991,0.99,0.991,0.992,0.992,0.987,0.988,0.986,0.985,0.981,0.982,0.99,0.989,0.987,0.989,0.988,SE,0.989238095238095
CHE,Switzerland,0.944,0.948,0.947,0.943,0.943,0.943,0.944,0.946,0.952,0.942,0.946,0.947,0.945,0.948,0.951,0.955,0.957,0.957,0.956,0.96,0.964,0.964,0.964,0.966,0.966,0.969,0.965,0.968,0.967,0.969,0.97,0.976,0.98,0.977,CH,0.962714285714286
SYR,Syrian Arab Republic,0.764,0.767,0.781,0.786,0.798,0.812,0.792,0.77,0.799,0.813,0.817,0.819,0.83,0.819,0.817,0.81,0.799,0.799,0.807,0.802,0.807,0.829,0.85,0.842,0.834,0.853,0.836,0.824,0.81,0.798,0.798,0.792,0.793,0.787,SY,0.816619047619048
TJK,Tajikistan,,,,,,,,,,0.886,0.882,0.871,0.877,0.824,0.879,0.887,0.883,0.824,0.88,0.83,0.883,0.887,0.892,0.895,0.899,0.902,0.904,0.902,0.905,0.912,0.92,0.922,0.925,0.926,TJ,0.887238095238095
TZA,Tanzania (United Republic of),,,,,,,,,,,0.881,0.895,0.88,0.892,0.896,0.9,0.91,0.909,0.918,0.912,0.942,0.926,0.928,0.925,0.93,0.929,0.935,0.94,0.946,0.95,0.973,0.953,0.95,0.951,TZ,0.925904761904762
THA,Thailand,0.948,0.953,0.958,0.961,0.961,0.97,0.975,0.974,0.968,0.967,0.977,0.971,0.973,0.976,0.978,0.978,0.977,0.996,0.983,0.984,0.991,1.005,1.007,1.007,1.008,1.008,1.008,1.008,1.008,1.012,1.011,1.009,1.009,1.008,TH,0.996952380952381
TLS,Timor-Leste,,,,,,,,,,,,,,,,,,,,0.884,0.906,0.903,0.91,0.925,0.917,0.918,1.033,0.932,0.933,0.935,0.937,0.943,0.938,0.939,TL,0.929571428571429
TGO,Togo,,,,,,,,,,,,,,,,0.799,0.805,0.795,0.798,0.802,0.807,0.799,0.818,0.829,0.841,0.814,0.845,0.86,0.843,0.879,0.858,0.864,0.869,0.865,TG,0.829166666666667
TON,Tonga,,,,,,0.966,0.966,0.966,0.963,0.965,0.967,0.969,0.972,0.97,0.972,0.969,0.975,0.974,0.974,0.973,0.979,0.98,0.98,0.98,0.98,0.98,0.981,0.987,1.001,0.992,0.994,0.99,0.996,0.998,TO,0.980904761904762
TTO,Trinidad and Tobago,0.934,0.938,0.939,0.939,0.942,0.943,0.948,0.948,0.952,0.953,0.955,0.957,0.962,0.966,0.971,0.974,0.977,0.975,0.977,0.974,0.983,0.982,0.984,0.985,0.986,0.987,0.988,0.985,0.988,0.987,0.99,0.992,0.992,0.99,TT,0.981190476190476
TUN,Tunisia,,,,,0.808,0.813,0.82,0.826,0.833,0.841,0.848,0.853,0.856,0.865,0.868,0.871,0.88,0.882,0.885,0.887,0.894,0.892,0.896,0.9,0.898,0.91,0.916,0.917,0.919,0.933,0.928,0.933,0.932,0.931,TN,0.898190476190476
TKM,Turkmenistan,,,,,,,,,,,,,,,,,,,,,,,,,,,,,,,,,,,TM,
TUV,Tuvalu,,,,,,,,,,,0.911,0.913,0.915,0.915,0.916,0.916,0.917,0.919,0.921,0.921,0.927,0.93,0.931,0.932,0.931,0.933,0.938,0.962,0.965,0.967,0.967,0.971,0.967,0.969,TV,0.936238095238095
TUR,Türkiye,0.833,0.832,0.831,0.821,0.832,0.832,0.833,0.832,0.836,0.839,0.842,0.847,0.852,0.853,0.853,0.859,0.863,0.866,0.878,0.885,0.905,0.91,0.916,0.92,0.919,0.923,0.933,0.936,0.937,0.939,0.938,0.94,0.942,0.938,TR,0.903190476190476
UGA,Uganda,,,,,,,,,,,0.877,0.88,0.856,0.897,0.908,0.855,0.931,0.939,0.949,0.943,0.909,0.918,0.879,0.917,0.929,0.92,0.924,0.905,0.915,0.922,0.915,0.877,0.908,0.908,UG,0.910285714285714
UKR,Ukraine,,,,,,1.019,1.016,1.016,1.013,1.009,1.011,1.016,1.015,1.018,1.017,1.015,1.023,1.025,1.025,1.023,1.018,1.012,1.015,1.016,1.016,1.013,1.01,1.013,1.015,1.016,1.015,1.013,1.038,1.038,UA,1.01766666666667
ARE,United Arab Emirates,,,,,,0.971,0.967,0.968,0.965,0.964,0.97,0.97,0.968,0.973,0.979,0.983,0.984,0.981,0.991,0.965,0.97,0.97,0.961,0.958,0.946,0.945,0.94,0.928,0.929,0.949,0.957,0.958,0.962,0.957,AE,0.961761904761905
GBR,United Kingdom,0.97,0.969,0.969,0.97,0.97,0.97,0.971,0.974,0.983,0.981,0.983,0.984,0.976,0.976,0.976,0.963,0.965,0.965,0.965,0.966,0.965,0.966,0.966,0.967,0.969,0.969,0.97,0.971,0.973,0.976,0.979,0.979,0.978,0.979,GB,0.970476190476191
USA,United States,0.986,0.989,0.99,0.992,0.991,0.992,0.99,0.991,0.994,0.994,0.988,0.989,0.989,0.99,0.989,0.99,0.99,0.991,0.991,0.992,0.992,0.992,0.992,0.993,0.995,0.996,0.996,0.997,0.999,1.001,1.003,1.011,1.012,1.009,US,0.995285714285714
URY,Uruguay,1.037,1.032,1.032,1.029,1.025,1.021,1.017,1.017,1.015,1.005,1.003,1.009,1.008,1.014,1.01,1.014,1.011,1.014,1.015,1.015,1.018,1.02,1.023,1.02,1.021,1.022,1.026,1.023,1.028,1.025,1.023,1.024,1.02,1.017,UY,1.0187619047619
UZB,Uzbekistan,,,,,,,,,,,0.944,0.944,0.944,0.943,0.959,0.958,0.96,0.963,0.963,0.959,0.963,0.961,0.962,0.964,0.965,0.965,0.965,0.967,0.973,0.95,0.923,0.924,0.935,0.951,UZ,0.95552380952381
VUT,Vanuatu,,,,,,,,,,,,,,,,0.925,0.933,0.926,0.923,0.922,0.931,0.931,0.932,0.933,0.933,0.934,0.936,0.938,0.941,0.944,0.944,0.943,0.945,0.952,VU,0.934111111111111
VEN,Venezuela (Bolivarian Republic of),,,,,,0.964,0.965,0.966,0.967,0.968,0.971,0.979,0.976,0.98,0.986,0.99,1.002,1.01,1.019,1.018,1.018,1.022,1.02,1.018,1.017,1.014,1.012,1.008,1,0.995,0.988,0.992,0.992,0.993,VE,1.00366666666667
VNM,Viet Nam,,,,,,0.938,0.944,0.945,0.949,0.954,0.955,0.957,0.96,0.961,0.959,0.961,0.954,0.975,0.962,0.971,0.973,0.975,0.994,0.998,1.001,1.004,1.006,1.005,1.005,1.007,1.008,1.005,0.998,0.997,VN,0.984857142857143
YEM,Yemen,,,,,0.549,0.567,0.584,0.598,0.611,0.621,0.624,0.624,0.621,0.614,0.597,0.604,0.611,0.615,0.618,0.62,0.644,0.622,0.612,0.599,0.567,0.531,0.498,0.464,0.455,0.448,0.447,0.437,0.425,0.407,YE,0.554714285714286
ZMB,Zambia,0.78,0.816,0.824,0.827,0.826,0.828,0.824,0.83,0.822,0.819,0.804,0.815,0.82,0.829,0.83,0.835,0.844,0.851,0.864,0.87,0.886,0.891,0.895,0.897,0.9,0.905,0.908,0.946,0.938,0.928,0.945,0.94,0.944,0.949,ZM,0.888857142857143
ZWE,Zimbabwe,,,,,0.879,0.886,0.889,0.874,0.876,0.867,0.87,0.857,0.867,0.861,0.856,0.868,0.868,0.866,0.873,0.888,0.905,0.917,0.904,0.918,0.917,0.921,0.929,0.937,0.934,0.929,0.933,0.955,0.938,0.944,ZW,0.904
ZZA.VHHD,Very high human development,0.964,0.966,0.968,0.969,0.97,0.97,0.97,0.97,0.972,0.974,0.973,0.974,0.975,0.976,0.977,0.977,0.977,0.977,0.978,0.978,0.979,0.98,0.98,0.981,0.981,0.981,0.981,0.981,0.982,0.984,0.986,0.988,0.99,0.989,,0.980428571428572
ZZB.HHD,High human development,,0.87,0.895,0.901,0.904,0.909,0.911,0.915,0.917,0.915,0.923,0.925,0.929,0.933,0.937,0.943,0.944,0.948,0.948,0.95,0.955,0.952,0.954,0.953,0.953,0.954,0.956,0.957,0.956,0.962,0.967,0.97,0.971,0.971,,0.952
ZZC.MHD,Medium human development,,,,,,0.754,0.76,0.766,0.772,0.78,0.789,0.802,0.804,0.814,0.816,0.816,0.823,0.826,0.83,0.835,0.841,0.848,0.847,0.856,0.857,0.858,0.86,0.86,0.851,0.855,0.865,0.866,0.872,0.883,,0.842857142857143
ZZD.LHD,Low human development,,,,,,,,,,,,,,,,0.715,0.733,0.739,0.747,0.759,0.768,0.77,0.761,0.78,0.788,0.796,0.79,0.797,0.802,0.823,0.834,0.838,0.833,0.836,,0.781833333333333
ZZE.AS,Arab States,,,,,,0.787,0.782,0.794,0.796,0.798,0.806,0.81,0.81,0.817,0.821,0.821,0.823,0.828,0.824,0.816,0.84,0.85,0.857,0.857,0.857,0.863,0.867,0.863,0.863,0.864,0.867,0.871,0.872,0.871,,0.845285714285714
ZZF.EAP,East Asia and the Pacific,,,,,,0.915,0.916,0.92,0.922,0.917,0.919,0.923,0.927,0.933,0.937,0.944,0.945,0.949,0.95,0.953,0.958,0.953,0.954,0.953,0.953,0.954,0.954,0.956,0.955,0.963,0.97,0.971,0.972,0.973,,0.952571428571428
ZZG.ECA,Europe and Central Asia,,,,,,,,,0.93,0.931,0.932,0.937,0.939,0.94,0.941,0.944,0.948,0.95,0.954,0.955,0.961,0.96,0.962,0.964,0.963,0.961,0.961,0.961,0.964,0.964,0.965,0.966,0.97,0.97,,0.956809523809524
ZZH.LAC,Latin America and the Caribbean,,,,,,,,,,,0.965,0.963,0.965,0.968,0.968,0.971,0.972,0.974,0.975,0.977,0.978,0.979,0.979,0.979,0.979,0.98,0.981,0.982,0.983,0.984,0.988,0.993,0.99,0.989,,0.978333333333333
ZZI.SA,South Asia,0.712,0.712,0.715,0.716,0.719,0.721,0.73,0.74,0.749,0.757,0.767,0.782,0.782,0.794,0.796,0.796,0.803,0.807,0.809,0.815,0.819,0.825,0.824,0.836,0.836,0.837,0.84,0.842,0.832,0.844,0.85,0.853,0.859,0.872,,0.823761904761905
ZZJ.SSA,Sub-Saharan Africa,,,,,,,,,,,0.853,0.848,0.849,0.851,0.854,0.857,0.863,0.87,0.869,0.874,0.882,0.887,0.884,0.888,0.894,0.895,0.898,0.901,0.898,0.893,0.906,0.911,0.915,0.916,,0.882809523809524
ZZK.WORLD,World,,,,0.908,0.909,0.91,0.911,0.913,0.916,0.917,0.919,0.92,0.922,0.927,0.928,0.93,0.931,0.933,0.934,0.936,0.939,0.939,0.94,0.942,0.942,0.942,0.943,0.944,0.943,0.946,0.952,0.953,0.954,0.955,,0.939047619047619
