iso3,country,gii_1990,gii_1991,gii_1992,gii_1993,gii_1994,gii_1995,gii_1996,gii_1997,gii_1998,gii_1999,gii_2000,gii_2001,gii_2002,gii_2003,gii_2004,gii_2005,gii_2006,gii_2007,gii_2008,gii_2009,gii_2010,gii_2011,gii_2012,gii_2013,gii_2014,gii_2015,gii_2016,gii_2017,gii_2018,gii_2019,gii_2020,gii_2021,gii_2022,gii_2023,ISO2,gii_2002_2023_avg,gei_2002_2023_avg
AFG,Afghanistan,,,,,,,,,,,,,,,,,,,0.69,0.696,0.704,0.716,0.731,0.708,0.687,0.683,0.682,0.679,0.677,0.676,0.674,0.642,0.665,0.661,AF,0.6856875,0.3143125
ALB,Albania,,,,,,,,,,0.307,0.291,0.237,0.262,0.278,0.266,0.26,0.252,0.253,0.245,0.192,0.192,0.194,0.197,0.194,0.19,0.179,0.162,0.145,0.138,0.131,0.125,0.109,0.107,0.107,AL,0.189909090909091,0.810090909090909
DZA,Algeria,,,,,,0.673,0.661,0.643,0.627,0.624,0.61,0.597,0.564,0.559,0.554,0.552,0.546,0.528,0.521,0.513,0.508,0.496,0.407,0.403,0.399,0.397,0.392,0.397,0.383,0.385,0.383,0.442,0.443,0.443,DZ,0.464318181818182,0.535681818181818
AND,Andorra,,,,,,,,,,,,,,,,,,,,,,,,,,,,,,,,,,,AD,,
AGO,Angola,,,,,,,,,,,,,,,,,,,,,0.556,0.549,0.55,0.551,0.553,0.549,0.544,0.547,0.539,0.536,0.533,0.532,0.524,0.515,AO,0.541285714285714,0.458714285714286
ATG,Antigua and Barbuda,,,,,,,,,,,,,,,,,,,,,,,,,,,,,,,,0.225,0.224,0.24,AG,0.229666666666667,0.770333333333333
ARG,Argentina,0.489,0.452,0.45,0.442,0.444,0.442,0.429,0.429,0.425,0.421,0.426,0.425,0.396,0.397,0.39,0.375,0.375,0.374,0.373,0.37,0.37,0.364,0.353,0.352,0.347,0.338,0.333,0.321,0.301,0.283,0.285,0.272,0.262,0.264,AR,0.340681818181818,0.659318181818182
ARM,Armenia,,,,,,0.468,0.465,0.447,0.439,0.47,0.452,0.447,0.446,0.414,0.406,0.397,0.399,0.357,0.348,0.346,0.352,0.351,0.326,0.314,0.309,0.301,0.296,0.254,0.242,0.216,0.207,0.185,0.18,0.18,AM,0.310272727272727,0.689727272727273
AUS,Australia,0.188,0.187,0.187,0.183,0.181,0.178,0.177,0.174,0.171,0.158,0.153,0.152,0.146,0.141,0.137,0.137,0.135,0.136,0.14,0.137,0.137,0.132,0.131,0.122,0.116,0.109,0.101,0.094,0.091,0.079,0.072,0.065,0.056,0.056,AU,0.112272727272727,0.887727272727273
AUT,Austria,0.195,0.198,0.195,0.19,0.174,0.163,0.156,0.148,0.143,0.141,0.142,0.141,0.14,0.124,0.121,0.115,0.112,0.108,0.115,0.107,0.105,0.097,0.094,0.083,0.081,0.083,0.081,0.071,0.06,0.052,0.048,0.042,0.038,0.033,AT,0.0868181818181818,0.913181818181818
AZE,Azerbaijan,,,,0.416,0.409,0.393,0.389,0.389,0.383,0.375,0.358,0.358,0.356,0.353,0.367,0.354,0.358,0.348,0.346,0.346,0.333,0.332,0.339,0.342,0.346,0.341,0.328,0.323,0.32,0.314,0.332,0.315,0.317,0.315,AZ,0.3375,0.6625
BHS,Bahamas,0.374,0.371,0.378,0.379,0.37,0.367,0.37,0.365,0.356,0.37,0.36,0.36,0.361,0.363,0.349,0.352,0.357,0.368,0.366,0.384,0.371,0.387,0.394,0.374,0.384,0.366,0.357,0.333,0.331,0.335,0.326,0.329,0.327,0.325,BS,0.356318181818182,0.643681818181818
BHR,Bahrain,,,,,,,,,,,,,,0.353,0.357,0.36,0.291,0.266,0.261,0.26,0.253,0.241,0.238,0.236,0.233,0.244,0.237,0.235,0.204,0.191,0.189,0.191,0.177,0.165,BH,0.246761904761905,0.753238095238095
BGD,Bangladesh,0.7,0.696,0.69,0.688,0.685,0.683,0.682,0.67,0.659,0.65,0.648,0.657,0.728,0.745,0.739,0.654,0.646,0.645,0.673,0.615,0.603,0.597,0.583,0.578,0.569,0.563,0.557,0.541,0.532,0.52,0.5,0.494,0.487,0.487,BD,0.593454545454546,0.406545454545455
BRB,Barbados,0.385,0.386,0.388,0.372,0.367,0.364,0.364,0.364,0.361,0.357,0.368,0.368,0.357,0.359,0.349,0.342,0.338,0.336,0.375,0.354,0.356,0.353,0.352,0.342,0.337,0.341,0.34,0.34,0.322,0.316,0.302,0.303,0.298,0.297,BB,0.336772727272727,0.663227272727273
BLR,Belarus,,,,,,,,,,,,0.255,0.224,0.207,0.155,0.153,0.15,0.151,0.147,0.157,0.149,0.146,0.152,0.147,0.138,0.128,0.119,0.109,0.102,0.096,0.094,0.092,0.088,0.08,BY,0.135636363636364,0.864363636363636
BEL,Belgium,0.18,0.179,0.175,0.167,0.16,0.157,0.158,0.156,0.156,0.128,0.132,0.135,0.129,0.108,0.103,0.101,0.1,0.098,0.098,0.093,0.09,0.087,0.082,0.073,0.066,0.062,0.058,0.056,0.052,0.047,0.044,0.042,0.038,0.031,BE,0.0753636363636364,0.924636363636364
BLZ,Belize,,,,,0.54,0.532,0.526,0.523,0.527,0.514,0.508,0.505,0.492,0.509,0.493,0.483,0.468,0.445,0.438,0.423,0.406,0.409,0.384,0.401,0.413,0.429,0.44,0.464,0.466,0.461,0.469,0.436,0.436,0.428,BZ,0.445136363636364,0.554863636363636
BEN,Benin,0.7,0.697,0.687,0.68,0.673,0.665,0.655,0.652,0.652,0.658,0.655,0.657,0.668,0.659,0.652,0.65,0.649,0.628,0.629,0.635,0.637,0.652,0.653,0.652,0.653,0.659,0.659,0.656,0.645,0.636,0.638,0.634,0.64,0.573,BJ,0.6435,0.3565
BTN,Bhutan,,,,,,,,,,,,,,,,,,,,,0.442,0.413,0.392,0.43,0.404,0.385,0.363,0.347,0.277,0.265,0.266,0.266,0.283,0.278,BT,0.343642857142857,0.656357142857143
BOL,Bolivia (Plurinational State of),,,,,,,,,,0.582,0.581,0.569,0.54,0.539,0.536,0.541,0.533,0.535,0.531,0.489,0.48,0.476,0.479,0.473,0.435,0.441,0.433,0.431,0.43,0.429,0.431,0.423,0.421,0.419,BO,0.474772727272727,0.525227272727273
BIH,Bosnia and Herzegovina,,,,,,,,,,,,,,,,,,,,,,,,,,,0.169,0.167,0.17,0.153,0.144,0.138,0.158,0.157,BA,0.157,0.843
BWA,Botswana,0.595,0.59,0.581,0.568,0.559,0.546,0.541,0.538,0.54,0.538,0.5,0.499,0.493,0.493,0.517,0.517,0.519,0.518,0.518,0.522,0.509,0.53,0.538,0.498,0.502,0.505,0.48,0.459,0.492,0.466,0.497,0.495,0.492,0.49,BW,0.502272727272727,0.497727272727273
BRA,Brazil,0.582,0.577,0.561,0.557,0.553,0.543,0.536,0.53,0.522,0.514,0.506,0.495,0.494,0.471,0.47,0.467,0.466,0.463,0.46,0.456,0.447,0.446,0.441,0.445,0.441,0.436,0.432,0.422,0.401,0.398,0.411,0.405,0.39,0.39,BR,0.438727272727273,0.561272727272727
BRN,Brunei Darussalam,,,,,,,,,,,,,,,,,,,,,,,,,,,0.312,0.286,0.286,0.286,0.276,0.272,0.276,0.257,BN,0.281375,0.718625
BGR,Bulgaria,0.362,0.364,0.356,0.355,0.36,0.355,0.334,0.338,0.328,0.344,0.336,0.268,0.254,0.245,0.239,0.24,0.231,0.224,0.226,0.233,0.228,0.223,0.218,0.213,0.224,0.218,0.217,0.207,0.209,0.205,0.2,0.205,0.209,0.208,BG,0.221636363636364,0.778363636363636
BFA,Burkina Faso,,,,,,,,,,0.647,0.644,0.639,0.633,0.629,0.624,0.619,0.633,0.604,0.601,0.6,0.599,0.596,0.593,0.595,0.592,0.61,0.606,0.593,0.589,0.571,0.606,0.609,0.548,0.555,BF,0.600227272727273,0.399772727272727
BDI,Burundi,,,,,,,,,0.621,0.65,0.609,0.605,0.603,0.592,0.588,0.556,0.552,0.547,0.539,0.542,0.536,0.533,0.53,0.526,0.522,0.514,0.51,0.507,0.507,0.501,0.503,0.502,0.502,0.501,BI,0.532409090909091,0.467590909090909
CPV,Cabo Verde,,,,,,,,,,,,,,,,,,,,,,,,,,0.363,0.352,0.349,0.357,0.337,0.327,0.301,0.302,0.298,CV,0.331777777777778,0.668222222222222
KHM,Cambodia,,,,0.655,0.656,0.65,0.642,0.642,0.642,0.637,0.614,0.612,0.601,0.589,0.581,0.57,0.564,0.536,0.532,0.513,0.515,0.512,0.522,0.517,0.516,0.519,0.506,0.502,0.498,0.496,0.492,0.487,0.489,0.506,KH,0.525590909090909,0.474409090909091
CMR,Cameroon,,,,,,0.694,0.693,0.69,0.687,0.684,0.681,0.678,0.655,0.65,0.647,0.647,0.644,0.62,0.62,0.62,0.62,0.62,0.614,0.579,0.577,0.573,0.572,0.573,0.566,0.567,0.563,0.562,0.562,0.558,CM,0.600409090909091,0.399590909090909
CAN,Canada,0.186,0.187,0.186,0.184,0.184,0.181,0.174,0.167,0.161,0.156,0.149,0.143,0.141,0.138,0.133,0.134,0.134,0.133,0.146,0.145,0.137,0.127,0.124,0.117,0.113,0.107,0.102,0.096,0.078,0.072,0.066,0.059,0.054,0.052,CA,0.109454545454545,0.890545454545455
CAF,Central African Republic,,,,,,,,,,,,,,,,,,,,,,,,,,,,,,,,,,,CF,,
TCD,Chad,,,,,,,,,,,,,,,,,,,,,,,,,,,,,0.686,0.7,0.696,0.66,0.671,0.67,TD,0.6805,0.3195
CHL,Chile,0.508,0.504,0.491,0.486,0.483,0.477,0.469,0.465,0.44,0.438,0.433,0.435,0.417,0.41,0.393,0.379,0.382,0.376,0.37,0.357,0.35,0.335,0.327,0.308,0.291,0.287,0.267,0.249,0.215,0.195,0.182,0.119,0.114,0.102,CL,0.292045454545455,0.707954545454546
CHN,China,,,,,,,,,0.207,0.228,0.224,0.215,0.213,0.205,0.204,0.21,0.223,0.221,0.23,0.227,0.226,0.232,0.227,0.217,0.21,0.202,0.192,0.181,0.163,0.159,0.154,0.145,0.138,0.132,CN,0.195954545454545,0.804045454545454
COL,Colombia,,,,,,,,,,,,,0.502,0.491,0.489,0.488,0.494,0.495,0.485,0.478,0.454,0.453,0.452,0.449,0.422,0.417,0.414,0.417,0.41,0.411,0.421,0.42,0.395,0.393,CO,0.447727272727273,0.552272727272727
COM,Comoros,,,,,,,,,,,,,,,,,,,,,,,,,0.645,0.633,0.626,0.583,0.58,0.575,0.512,0.508,0.502,0.501,KM,0.5665,0.4335
COG,Congo,,,,,,,,,,,,,,,,0.623,0.622,0.621,0.617,0.616,0.621,0.625,0.633,0.626,0.618,0.615,0.614,0.607,0.608,0.593,0.589,0.588,0.578,0.565,CG,0.609421052631579,0.390578947368421
COD,Congo (Democratic Republic of the),,,,,,,,,,,,,,,,0.644,0.658,0.656,0.655,0.653,0.653,0.651,0.649,0.652,0.64,0.645,0.64,0.641,0.638,0.618,0.609,0.607,0.604,0.604,CD,0.637736842105263,0.362263157894737
CRI,Costa Rica,,,,,,,,,,,0.443,0.408,0.367,0.365,0.355,0.344,0.332,0.334,0.331,0.325,0.315,0.307,0.301,0.293,0.303,0.282,0.278,0.273,0.249,0.234,0.231,0.216,0.209,0.217,CR,0.293681818181818,0.706318181818182
HRV,Croatia,0.317,0.314,0.289,0.282,0.27,0.279,0.27,0.26,0.245,0.245,0.188,0.191,0.189,0.186,0.157,0.158,0.153,0.157,0.156,0.141,0.135,0.132,0.129,0.122,0.119,0.143,0.158,0.13,0.126,0.118,0.086,0.085,0.078,0.074,HR,0.133272727272727,0.866727272727273
CUB,Cuba,,,,,,,,,,,,,,,0.334,0.333,0.331,0.331,0.326,0.327,0.33,0.329,0.321,0.312,0.31,0.307,0.307,0.307,0.303,0.304,0.303,0.298,0.297,0.296,CU,0.3153,0.6847
CYP,Cyprus,0.428,0.419,0.421,0.396,0.389,0.368,0.349,0.307,0.323,0.309,0.293,0.249,0.243,0.233,0.212,0.192,0.201,0.179,0.185,0.201,0.191,0.207,0.213,0.212,0.202,0.209,0.196,0.212,0.23,0.235,0.239,0.256,0.255,0.252,CY,0.216136363636364,0.783863636363637
CZE,Czechia,0.284,0.285,0.285,0.285,0.253,0.238,0.215,0.206,0.198,0.188,0.178,0.166,0.164,0.155,0.154,0.151,0.152,0.157,0.155,0.157,0.141,0.138,0.143,0.145,0.146,0.14,0.139,0.134,0.13,0.124,0.12,0.108,0.095,0.088,CZ,0.138,0.862
CIV,Côte d'Ivoire,,,,,,,,,,,,,,,,,,,,,0.643,0.629,0.631,0.628,0.63,0.631,0.633,0.627,0.622,0.605,0.602,0.594,0.593,0.589,CI,0.618357142857143,0.381642857142857
DNK,Denmark,0.099,0.097,0.097,0.094,0.095,0.094,0.086,0.088,0.078,0.077,0.074,0.07,0.061,0.057,0.054,0.054,0.055,0.053,0.054,0.05,0.048,0.043,0.041,0.039,0.035,0.034,0.033,0.027,0.021,0.016,0.01,0.008,0.004,0.003,DK,0.0363636363636364,0.963636363636364
DJI,Djibouti,,,,,,,,,,,,,,,,,,,,,,,,,,,,0.547,0.499,0.492,0.486,0.483,0.482,0.481,DJ,0.495714285714286,0.504285714285714
DMA,Dominica,,,,,,,,,,,,,,,,,,,,,,,,,,,,,,,,,,,DM,,
DOM,Dominican Republic,0.574,0.573,0.565,0.613,0.565,0.563,0.56,0.553,0.532,0.52,0.507,0.495,0.485,0.488,0.491,0.49,0.481,0.486,0.484,0.49,0.479,0.477,0.472,0.47,0.47,0.466,0.452,0.449,0.45,0.437,0.431,0.423,0.422,0.417,DO,0.464090909090909,0.535909090909091
ECU,Ecuador,0.648,0.64,0.629,0.617,0.607,0.599,0.592,0.59,0.498,0.499,0.511,0.498,0.494,0.486,0.478,0.477,0.452,0.451,0.452,0.439,0.431,0.429,0.424,0.408,0.396,0.391,0.386,0.389,0.391,0.388,0.373,0.366,0.364,0.358,EC,0.419227272727273,0.580772727272727
EGY,Egypt,0.652,0.657,0.65,0.647,0.641,0.638,0.671,0.653,0.633,0.631,0.622,0.61,0.615,0.586,0.571,0.572,0.573,0.561,0.562,0.553,0.552,0.545,0.566,0.558,0.548,0.542,0.412,0.405,0.416,0.424,0.405,0.395,0.399,0.398,EG,0.507181818181818,0.492818181818182
SLV,El Salvador,0.536,0.531,0.545,0.536,0.526,0.523,0.515,0.5,0.482,0.468,0.491,0.487,0.466,0.455,0.448,0.446,0.415,0.419,0.409,0.401,0.398,0.398,0.381,0.38,0.382,0.378,0.37,0.37,0.368,0.358,0.359,0.369,0.366,0.362,SV,0.395363636363636,0.604636363636364
GNQ,Equatorial Guinea,,,,,,,,,,,,,,,,,,,,,,,,,,,,,,,,,,,GQ,,
ERI,Eritrea,,,,,,,,,,,,,,,,,,,,,,,,,,,,,,,,,,,ER,,
EST,Estonia,0.388,0.381,0.383,0.369,0.371,0.356,0.346,0.326,0.325,0.279,0.267,0.253,0.243,0.228,0.212,0.2,0.191,0.195,0.184,0.171,0.159,0.159,0.152,0.152,0.156,0.128,0.119,0.105,0.101,0.089,0.083,0.081,0.071,0.061,EE,0.147272727272727,0.852727272727273
SWZ,Eswatini (Kingdom of),,,,,,,,,,,,,,,,,,,,,,,,,,0.547,0.533,0.521,0.525,0.526,0.505,0.503,0.494,0.484,SZ,0.515333333333333,0.484666666666667
ETH,Ethiopia,,,,,,,,,,,,0.704,0.7,0.692,0.689,0.642,0.634,0.629,0.623,0.615,0.601,0.598,0.585,0.572,0.565,0.533,0.524,0.52,0.513,0.509,0.502,0.497,0.498,0.497,ET,0.579,0.421
FJI,Fiji,,,,,,0.486,0.482,0.477,0.475,0.409,0.409,0.405,0.407,0.401,0.422,0.419,0.412,0.405,0.396,0.393,0.39,0.383,0.386,0.39,0.352,0.334,0.333,0.325,0.313,0.317,0.317,0.31,0.314,0.35,FJ,0.366772727272727,0.633227272727273
FIN,Finland,0.106,0.103,0.099,0.094,0.093,0.095,0.1,0.091,0.089,0.085,0.088,0.092,0.095,0.091,0.09,0.086,0.081,0.074,0.073,0.073,0.073,0.067,0.065,0.064,0.062,0.056,0.05,0.044,0.038,0.031,0.03,0.029,0.023,0.021,FI,0.0598181818181818,0.940181818181818
FRA,France,0.237,0.238,0.235,0.228,0.216,0.207,0.2,0.192,0.189,0.191,0.195,0.183,0.174,0.17,0.158,0.157,0.156,0.137,0.133,0.129,0.129,0.125,0.11,0.106,0.101,0.096,0.092,0.072,0.065,0.061,0.056,0.048,0.041,0.034,FR,0.106818181818182,0.893181818181818
GAB,Gabon,,,,0.593,0.588,0.586,0.584,0.581,0.579,0.575,0.557,0.553,0.55,0.545,0.541,0.543,0.537,0.53,0.526,0.526,0.523,0.525,0.519,0.524,0.533,0.53,0.531,0.528,0.531,0.527,0.531,0.523,0.522,0.505,GA,0.529545454545455,0.470454545454546
GMB,Gambia,,,,,,,,,,,,,,,,,,,,,0.659,0.654,0.649,0.646,0.625,0.618,0.609,0.597,0.594,0.586,0.589,0.585,0.581,0.578,GM,0.612142857142857,0.387857142857143
GEO,Georgia,,,,,,,,,,,0.425,0.396,0.396,0.396,0.392,0.394,0.392,0.393,0.43,0.453,0.43,0.42,0.372,0.365,0.361,0.36,0.321,0.303,0.299,0.296,0.271,0.269,0.257,0.257,GE,0.355772727272727,0.644227272727273
DEU,Germany,0.178,0.166,0.156,0.147,0.139,0.134,0.134,0.133,0.133,0.125,0.125,0.122,0.117,0.111,0.106,0.107,0.104,0.103,0.102,0.096,0.096,0.087,0.085,0.077,0.077,0.076,0.083,0.085,0.08,0.076,0.071,0.064,0.058,0.057,DE,0.0871818181818182,0.912818181818182
GHA,Ghana,0.65,0.647,0.638,0.636,0.632,0.629,0.62,0.617,0.612,0.606,0.606,0.601,0.595,0.59,0.578,0.572,0.568,0.566,0.58,0.573,0.571,0.57,0.57,0.558,0.553,0.553,0.543,0.534,0.534,0.525,0.529,0.524,0.515,0.514,GH,0.555227272727273,0.444772727272727
GRC,Greece,0.298,0.296,0.285,0.276,0.27,0.261,0.253,0.25,0.243,0.239,0.208,0.218,0.216,0.214,0.176,0.178,0.176,0.171,0.176,0.161,0.156,0.142,0.127,0.123,0.121,0.125,0.129,0.132,0.13,0.122,0.118,0.114,0.109,0.103,GR,0.146318181818182,0.853681818181818
GRD,Grenada,,,,,,,,,,,,,,,,,,,,,,,,,,,,,0.213,0.212,0.218,0.226,0.227,0.226,GD,0.220333333333333,0.779666666666667
GTM,Guatemala,,,,,0.654,0.646,0.638,0.628,0.617,0.634,0.584,0.575,0.572,0.572,0.575,0.573,0.563,0.541,0.538,0.53,0.526,0.527,0.536,0.53,0.526,0.529,0.508,0.509,0.509,0.5,0.48,0.467,0.48,0.48,GT,0.525954545454546,0.474045454545455
GIN,Guinea,,,,,,,,,,,,,,,,,,,,,,,,,,,,,,0.631,0.643,0.64,0.61,0.609,GN,0.6266,0.3734
GNB,Guinea-Bissau,,,,,,,,,,,,,,,,,,,,,,,,,,,,,0.623,0.622,0.621,0.618,0.617,0.632,GW,0.622166666666667,0.377833333333333
GUY,Guyana,,,,,,,,,,,,,,,,,,,,,,,,,,,,,0.444,0.439,0.434,0.432,0.431,0.427,GY,0.4345,0.5655
HTI,Haiti,,,,,,,,,,,,0.593,0.588,0.584,0.589,0.579,0.612,0.605,0.613,0.615,0.613,0.626,0.631,0.629,0.627,0.625,0.84,0.628,0.629,0.625,0.623,0.621,0.619,0.618,HT,0.6245,0.3755
HND,Honduras,,,,,,,,,0.549,0.542,0.539,0.535,0.566,0.556,0.538,0.474,0.479,0.478,0.475,0.478,0.473,0.472,0.463,0.454,0.438,0.432,0.428,0.427,0.435,0.445,0.436,0.417,0.427,0.437,HN,0.464909090909091,0.535090909090909
HKG,"Hong Kong, China (SAR)",,,,,,,,,,,,,,,,,,,,,,,,,,,,,,,,,,,HK,,
HUN,Hungary,0.34,0.325,0.323,0.324,0.305,0.301,0.293,0.288,0.3,0.292,0.283,0.272,0.263,0.253,0.254,0.253,0.239,0.239,0.239,0.24,0.25,0.255,0.258,0.265,0.261,0.261,0.261,0.259,0.242,0.237,0.244,0.228,0.218,0.213,HU,0.246909090909091,0.753090909090909
ISL,Iceland,0.19,0.185,0.176,0.167,0.162,0.159,0.158,0.162,0.165,0.145,0.142,0.134,0.127,0.126,0.115,0.107,0.107,0.11,0.112,0.099,0.093,0.088,0.084,0.072,0.069,0.062,0.052,0.054,0.049,0.045,0.041,0.031,0.025,0.024,IS,0.0769090909090909,0.923090909090909
IND,India,0.697,0.698,0.7,0.702,0.702,0.702,0.697,0.692,0.682,0.676,0.671,0.65,0.643,0.637,0.629,0.615,0.601,0.594,0.596,0.58,0.566,0.561,0.557,0.55,0.528,0.496,0.484,0.488,0.487,0.464,0.441,0.438,0.427,0.403,IN,0.535681818181818,0.464318181818182
IDN,Indonesia,0.606,0.604,0.596,0.583,0.581,0.577,0.575,0.57,0.566,0.556,0.575,0.573,0.574,0.568,0.552,0.55,0.544,0.536,0.534,0.505,0.494,0.501,0.489,0.482,0.482,0.477,0.471,0.455,0.444,0.436,0.429,0.425,0.422,0.423,ID,0.490590909090909,0.509409090909091
IRN,Iran (Islamic Republic of),0.688,0.678,0.667,0.653,0.639,0.631,0.618,0.602,0.589,0.57,0.577,0.566,0.547,0.539,0.526,0.506,0.504,0.508,0.55,0.552,0.545,0.551,0.525,0.543,0.537,0.532,0.47,0.46,0.455,0.463,0.483,0.487,0.483,0.482,IR,0.511272727272727,0.488727272727273
IRQ,Iraq,,,,,,0.725,0.724,0.72,0.717,0.702,0.679,0.674,0.67,0.671,0.671,0.669,0.615,0.614,0.615,0.614,0.612,0.612,0.61,0.601,0.587,0.578,0.558,0.579,0.573,0.571,0.569,0.562,0.56,0.558,IQ,0.603136363636364,0.396863636363636
IRL,Ireland,0.222,0.221,0.218,0.204,0.197,0.196,0.198,0.204,0.207,0.208,0.209,0.206,0.2,0.197,0.192,0.186,0.185,0.181,0.178,0.17,0.163,0.141,0.135,0.121,0.116,0.111,0.093,0.087,0.082,0.076,0.066,0.063,0.055,0.054,IE,0.129636363636364,0.870363636363636
ISR,Israel,0.337,0.331,0.331,0.317,0.306,0.296,0.284,0.271,0.255,0.206,0.193,0.186,0.181,0.175,0.171,0.168,0.17,0.17,0.169,0.149,0.144,0.137,0.133,0.118,0.116,0.103,0.1,0.096,0.09,0.094,0.08,0.076,0.087,0.08,IL,0.127590909090909,0.872409090909091
ITA,Italy,0.24,0.235,0.23,0.23,0.223,0.218,0.211,0.195,0.191,0.188,0.186,0.189,0.187,0.178,0.176,0.173,0.14,0.14,0.126,0.125,0.123,0.118,0.114,0.085,0.081,0.079,0.074,0.069,0.056,0.052,0.048,0.044,0.046,0.043,IT,0.1035,0.8965
JAM,Jamaica,,,,0.447,0.452,0.458,0.457,0.459,0.445,0.441,0.439,0.441,0.436,0.445,0.439,0.44,0.443,0.438,0.441,0.438,0.43,0.412,0.413,0.417,0.419,0.409,0.399,0.397,0.384,0.385,0.362,0.362,0.36,0.358,JM,0.410318181818182,0.589681818181818
JPN,Japan,0.166,0.165,0.167,0.165,0.161,0.163,0.159,0.162,0.165,0.159,0.15,0.154,0.16,0.159,0.16,0.146,0.141,0.133,0.132,0.123,0.118,0.117,0.126,0.128,0.126,0.118,0.104,0.096,0.091,0.082,0.079,0.072,0.062,0.059,JP,0.115090909090909,0.884909090909091
JOR,Jordan,,,,,,,,,,,0.614,0.601,0.593,0.554,0.552,0.552,0.54,0.516,0.517,0.514,0.489,0.488,0.491,0.488,0.489,0.477,0.442,0.427,0.434,0.439,0.442,0.441,0.433,0.433,JO,0.488681818181818,0.511318181818182
KAZ,Kazakhstan,,,,,,,,,,,0.37,0.357,0.347,0.35,0.333,0.337,0.328,0.302,0.3,0.282,0.27,0.26,0.236,0.233,0.229,0.217,0.212,0.198,0.195,0.192,0.182,0.182,0.168,0.182,KZ,0.251590909090909,0.748409090909091
KEN,Kenya,,,,,,,,,,0.682,0.683,0.684,0.681,0.649,0.648,0.647,0.64,0.636,0.617,0.61,0.607,0.603,0.601,0.568,0.562,0.551,0.547,0.536,0.538,0.535,0.533,0.533,0.527,0.526,KE,0.586136363636364,0.413863636363636
KIR,Kiribati,,,,,,,,,,,,,,,,,,,,,,,,,,,,,,,,,,,KI,,
PRK,Korea (Democratic People's Rep. of),,,,,,,,,,,,,,,,,,,,,,,,,,,,,,,,,,,KP,,
KOR,Korea (Republic of),0.314,0.308,0.306,0.302,0.284,0.276,0.269,0.261,0.244,0.237,0.185,0.18,0.187,0.173,0.109,0.102,0.097,0.088,0.084,0.08,0.078,0.08,0.074,0.073,0.07,0.067,0.061,0.054,0.055,0.051,0.042,0.04,0.04,0.038,KR,0.0792272727272727,0.920772727272727
KWT,Kuwait,,,,,,0.716,0.719,0.708,0.698,0.692,0.688,0.685,0.683,0.681,0.68,0.366,0.347,0.342,0.284,0.218,0.207,0.196,0.211,0.195,0.301,0.3,0.284,0.248,0.24,0.202,0.16,0.252,0.138,0.188,KW,0.305590909090909,0.694409090909091
KGZ,Kyrgyzstan,,,,,,,,,,,0.454,0.441,0.438,0.433,0.431,0.766,0.766,0.357,0.355,0.354,0.368,0.372,0.373,0.382,0.373,0.383,0.37,0.368,0.372,0.362,0.363,0.346,0.34,0.34,KG,0.409636363636364,0.590363636363636
LAO,Lao People's Democratic Republic,,,,,,,,,0.604,0.605,0.6,0.596,0.585,0.58,0.575,0.567,0.558,0.551,0.55,0.544,0.533,0.529,0.521,0.517,0.5,0.498,0.485,0.485,0.484,0.478,0.464,0.476,0.476,0.475,LA,0.519590909090909,0.480409090909091
LVA,Latvia,,,,,,,,0.337,0.329,0.277,0.272,0.265,0.25,0.258,0.249,0.245,0.252,0.249,0.242,0.229,0.229,0.221,0.219,0.21,0.23,0.225,0.212,0.215,0.168,0.164,0.142,0.141,0.129,0.117,LV,0.208909090909091,0.791090909090909
LBN,Lebanon,,,,,,,,,,,,,,,,,,0.413,0.411,0.437,0.433,0.438,0.434,0.432,0.428,0.424,0.421,0.418,0.381,0.384,0.387,0.383,0.361,0.36,LB,0.408529411764706,0.591470588235294
LSO,Lesotho,,,,,,0.605,0.606,0.572,0.568,0.572,0.579,0.586,0.591,0.578,0.575,0.583,0.598,0.579,0.58,0.591,0.59,0.589,0.583,0.575,0.57,0.568,0.565,0.566,0.559,0.56,0.548,0.544,0.535,0.534,LS,0.570954545454546,0.429045454545455
LBR,Liberia,,,,,,,,,,,,,,,,0.652,0.651,0.65,0.646,0.646,0.644,0.657,0.654,0.653,0.664,0.664,0.662,0.652,0.649,0.65,0.654,0.651,0.651,0.646,LR,0.652421052631579,0.347578947368421
LBY,Libya,,,,,,,,,,,,,,,,,,,,,0.294,0.302,0.258,0.267,0.268,0.268,0.269,0.26,0.262,0.264,0.262,0.259,0.255,0.253,LY,0.267214285714286,0.732785714285714
LIE,Liechtenstein,,,,,,,,,,,,,,,,,,,,,,,,,,,,,,,,,,,LI,,
LTU,Lithuania,,,,,,0.314,0.289,0.276,0.265,0.246,0.265,0.258,0.241,0.234,0.182,0.178,0.181,0.177,0.183,0.16,0.15,0.154,0.14,0.138,0.135,0.138,0.139,0.134,0.129,0.121,0.095,0.081,0.073,0.07,LT,0.146954545454545,0.853045454545455
LUX,Luxembourg,0.207,0.192,0.187,0.185,0.176,0.17,0.164,0.161,0.157,0.17,0.169,0.174,0.174,0.178,0.14,0.137,0.127,0.112,0.115,0.114,0.112,0.091,0.097,0.075,0.073,0.068,0.063,0.058,0.074,0.062,0.048,0.037,0.043,0.044,LU,0.0928181818181818,0.907181818181818
MDG,Madagascar,,,,,,,,,,,,,,,,,,,,,,,,,,,,,,,,0.584,0.583,0.584,MG,0.583666666666667,0.416333333333333
MWI,Malawi,,,,,,,,,0.694,0.673,0.665,0.659,0.653,0.648,0.62,0.619,0.615,0.62,0.628,0.61,0.614,0.607,0.607,0.602,0.611,0.609,0.603,0.592,0.596,0.577,0.579,0.577,0.576,0.581,MW,0.606545454545455,0.393454545454546
MYS,Malaysia,0.374,0.388,0.369,0.367,0.363,0.351,0.345,0.342,0.34,0.326,0.292,0.296,0.293,0.273,0.285,0.282,0.276,0.26,0.269,0.273,0.262,0.262,0.253,0.246,0.236,0.233,0.224,0.212,0.193,0.193,0.182,0.173,0.173,0.172,MY,0.2375,0.7625
MDV,Maldives,0.674,0.655,0.639,0.623,0.611,0.588,0.569,0.548,0.524,0.509,0.491,0.47,0.447,0.435,0.432,0.385,0.373,0.359,0.367,0.409,0.395,0.39,0.373,0.358,0.369,0.364,0.348,0.328,0.318,0.325,0.325,0.319,0.312,0.309,MV,0.365454545454546,0.634545454545455
MLI,Mali,,,,,,,,,,,,,,,0.67,0.658,0.627,0.629,0.642,0.652,0.666,0.666,0.663,0.659,0.67,0.646,0.671,0.664,0.666,0.671,0.605,0.611,0.613,0.612,ML,0.64805,0.35195
MLT,Malta,0.305,0.339,0.352,0.327,0.334,0.312,0.335,0.34,0.333,0.27,0.283,0.278,0.232,0.28,0.297,0.287,0.273,0.265,0.271,0.27,0.263,0.259,0.243,0.194,0.187,0.189,0.188,0.187,0.182,0.161,0.162,0.158,0.109,0.111,MT,0.216727272727273,0.783272727272727
MHL,Marshall Islands,,,,,,,,,,,,,,,,,,,,,,,,,,,,,,,,,,,MH,,
MRT,Mauritania,,,,,,,,,,,0.732,0.73,0.73,0.715,0.715,0.715,0.656,0.65,0.649,0.645,0.644,0.64,0.637,0.633,0.627,0.624,0.619,0.609,0.618,0.612,0.614,0.612,0.61,0.603,MR,0.644409090909091,0.355590909090909
MUS,Mauritius,0.53,0.511,0.506,0.493,0.488,0.489,0.475,0.468,0.465,0.459,0.476,0.472,0.466,0.457,0.456,0.382,0.37,0.373,0.371,0.373,0.37,0.35,0.355,0.344,0.343,0.373,0.37,0.36,0.363,0.325,0.359,0.361,0.36,0.352,MU,0.374227272727273,0.625772727272727
MEX,Mexico,0.552,0.51,0.505,0.498,0.492,0.485,0.483,0.477,0.459,0.454,0.459,0.46,0.46,0.435,0.433,0.425,0.43,0.43,0.433,0.415,0.418,0.414,0.391,0.39,0.388,0.379,0.37,0.372,0.365,0.366,0.368,0.365,0.361,0.358,MX,0.398454545454545,0.601545454545455
FSM,Micronesia (Federated States of),,,,,,,,,,,,,,,,,,,,,,,,,,,,,,,,,,,FM,,
MDA,Moldova (Republic of),,,,,,,,,,,0.4,0.354,0.339,0.32,0.291,0.272,0.264,0.248,0.239,0.228,0.239,0.233,0.229,0.227,0.248,0.234,0.226,0.215,0.209,0.183,0.182,0.152,0.142,0.146,MD,0.230272727272727,0.769727272727273
MCO,Monaco,,,,,,,,,,,,,,,,,,,,,,,,,,,,,,,,,,,MC,,
MNG,Mongolia,,,,,,,,,,,0.433,0.423,0.403,0.381,0.391,0.385,0.405,0.393,0.425,0.422,0.416,0.42,0.347,0.339,0.332,0.336,0.331,0.33,0.322,0.311,0.301,0.292,0.284,0.284,MN,0.356818181818182,0.643181818181818
MNE,Montenegro,,,,,,,,,,,,,,,,,0.23,0.217,0.223,0.226,0.21,0.19,0.159,0.159,0.149,0.145,0.124,0.122,0.122,0.113,0.125,0.117,0.11,0.121,ME,0.159,0.841
MAR,Morocco,0.749,0.751,0.749,0.751,0.75,0.718,0.722,0.723,0.727,0.708,0.702,0.719,0.601,0.59,0.581,0.577,0.57,0.568,0.566,0.556,0.554,0.519,0.512,0.502,0.495,0.469,0.453,0.45,0.449,0.448,0.445,0.439,0.44,0.438,MA,0.510090909090909,0.489909090909091
MOZ,Mozambique,,,,,,0.61,0.605,0.601,0.595,0.591,0.576,0.574,0.57,0.568,0.558,0.557,0.555,0.554,0.555,0.546,0.545,0.546,0.537,0.527,0.524,0.517,0.513,0.513,0.502,0.491,0.474,0.477,0.481,0.479,MZ,0.526772727272727,0.473227272727273
MMR,Myanmar,,,,,,,,,,,,,,,,,,,,,,,,,,0.495,0.512,0.512,0.501,0.5,0.472,0.478,0.479,0.478,MM,0.491888888888889,0.508111111111111
NAM,Namibia,0.546,0.546,0.548,0.546,0.547,0.548,0.552,0.555,0.559,0.558,0.556,0.549,0.548,0.548,0.534,0.532,0.531,0.53,0.53,0.534,0.541,0.531,0.523,0.51,0.504,0.482,0.471,0.463,0.453,0.456,0.452,0.45,0.448,0.448,,0.500863636363636,0.499136363636364
NRU,Nauru,,,,,,,,,,,,,,,,,,,,,,,,,,,,,,,,,,,NR,,
NPL,Nepal,0.743,0.737,0.732,0.724,0.717,0.714,0.704,0.696,0.692,0.673,0.657,0.651,0.645,0.638,0.64,0.636,0.626,0.575,0.533,0.53,0.529,0.517,0.516,0.51,0.515,0.511,0.512,0.536,0.519,0.503,0.494,0.49,0.487,0.487,NP,0.543136363636364,0.456863636363636
NLD,Netherlands,0.122,0.122,0.115,0.111,0.106,0.099,0.096,0.099,0.093,0.097,0.1,0.099,0.098,0.085,0.076,0.068,0.061,0.054,0.053,0.053,0.052,0.049,0.046,0.041,0.038,0.034,0.031,0.029,0.027,0.027,0.024,0.017,0.017,0.013,NL,0.0451363636363636,0.954863636363636
NZL,New Zealand,0.237,0.223,0.214,0.211,0.206,0.216,0.213,0.209,0.199,0.195,0.181,0.178,0.17,0.172,0.183,0.165,0.173,0.175,0.174,0.168,0.165,0.163,0.155,0.145,0.141,0.136,0.126,0.11,0.103,0.097,0.085,0.079,0.078,0.082,NZ,0.138409090909091,0.861590909090909
NIC,Nicaragua,0.625,0.62,0.62,0.617,0.616,0.613,0.608,0.6,0.599,0.597,0.569,0.573,0.526,0.521,0.524,0.521,0.528,0.515,0.506,0.488,0.478,0.434,0.426,0.425,0.431,0.431,0.424,0.424,0.423,0.421,0.418,0.412,0.408,0.408,NI,0.458727272727273,0.541272727272727
NER,Niger,,,,,,,,,,,0.813,0.812,0.81,0.808,0.726,0.724,0.715,0.707,0.699,0.701,0.692,0.669,0.72,0.682,0.664,0.659,0.657,0.666,0.636,0.625,0.622,0.596,0.591,0.591,NE,0.68,0.32
NGA,Nigeria,,,,,,,,,,,,,,0.703,0.699,0.686,0.684,0.672,0.672,0.672,0.67,0.675,0.676,0.677,0.677,0.681,0.679,0.675,0.672,0.69,0.679,0.673,0.671,0.677,NG,0.679047619047619,0.320952380952381
MKD,North Macedonia,0.432,0.419,0.432,0.438,0.435,0.427,0.41,0.401,0.394,0.329,0.329,0.308,0.236,0.229,0.213,0.21,0.186,0.183,0.178,0.178,0.18,0.173,0.173,0.162,0.166,0.162,0.162,0.151,0.146,0.14,0.139,0.133,0.127,0.112,MK,0.169954545454545,0.830045454545455
NOR,Norway,0.126,0.124,0.121,0.117,0.113,0.107,0.105,0.101,0.099,0.096,0.096,0.092,0.083,0.078,0.07,0.069,0.073,0.077,0.079,0.076,0.07,0.061,0.054,0.049,0.045,0.04,0.034,0.023,0.018,0.014,0.009,0.01,0.004,0.004,NO,0.0472727272727273,0.952727272727273
OMN,Oman,,,,,,,,,,,,,,,0.364,0.347,0.336,0.326,0.329,0.342,0.33,0.319,0.316,0.321,0.313,0.315,0.304,0.277,0.269,0.242,0.239,0.242,0.222,0.222,OM,0.29875,0.70125
PAK,Pakistan,0.8,0.785,0.787,0.786,0.783,0.789,0.782,0.773,0.778,0.772,0.768,0.763,0.758,0.657,0.648,0.644,0.623,0.618,0.608,0.603,0.595,0.59,0.583,0.576,0.572,0.563,0.563,0.559,0.563,0.555,0.544,0.541,0.538,0.536,PK,0.592590909090909,0.407409090909091
PLW,Palau,,,,,,,,,,,,,,,,,,,,,,,,,,,,,,,,,,,PW,,
PSE,"Palestine, State of",,,,,,,,,,,,,,,,,,,,,,,,,,,,,,,,,,,PS,,
PAN,Panama,0.539,0.519,0.517,0.513,0.509,0.506,0.498,0.498,0.496,0.494,0.495,0.494,0.48,0.479,0.451,0.439,0.442,0.44,0.442,0.48,0.482,0.482,0.479,0.475,0.424,0.419,0.416,0.412,0.404,0.392,0.377,0.381,0.38,0.374,PA,0.434090909090909,0.565909090909091
PNG,Papua New Guinea,,,,,,,,,,,0.665,0.666,0.667,0.697,0.694,0.693,0.693,0.693,0.685,0.683,0.682,0.676,0.621,0.614,0.609,0.6,0.596,0.82,0.818,0.816,0.816,0.816,0.608,0.584,PG,0.690045454545455,0.309954545454545
PRY,Paraguay,0.607,0.607,0.603,0.599,0.596,0.581,0.578,0.577,0.579,0.557,0.544,0.541,0.531,0.528,0.515,0.516,0.513,0.499,0.489,0.484,0.483,0.479,0.463,0.443,0.449,0.452,0.44,0.441,0.44,0.436,0.435,0.432,0.431,0.412,PY,0.468681818181818,0.531318181818182
PER,Peru,0.569,0.576,0.579,0.602,0.571,0.564,0.546,0.534,0.525,0.505,0.497,0.459,0.454,0.45,0.452,0.448,0.414,0.41,0.406,0.403,0.396,0.408,0.405,0.404,0.393,0.391,0.37,0.365,0.365,0.367,0.373,0.342,0.341,0.34,PE,0.395318181818182,0.604681818181818
PHL,Philippines,0.519,0.517,0.501,0.496,0.492,0.492,0.486,0.481,0.476,0.472,0.476,0.48,0.446,0.447,0.458,0.455,0.459,0.443,0.442,0.442,0.442,0.438,0.434,0.421,0.407,0.403,0.394,0.391,0.381,0.371,0.362,0.356,0.352,0.351,PH,0.413409090909091,0.586590909090909
POL,Poland,0.294,0.292,0.271,0.261,0.253,0.232,0.221,0.216,0.211,0.205,0.203,0.165,0.163,0.16,0.157,0.16,0.16,0.166,0.172,0.173,0.17,0.152,0.151,0.149,0.144,0.133,0.131,0.125,0.119,0.108,0.099,0.087,0.08,0.081,PL,0.138181818181818,0.861818181818182
PRT,Portugal,0.267,0.26,0.255,0.241,0.233,0.228,0.226,0.225,0.216,0.19,0.201,0.187,0.186,0.179,0.177,0.165,0.158,0.137,0.134,0.132,0.127,0.12,0.114,0.099,0.091,0.083,0.081,0.083,0.08,0.077,0.071,0.062,0.073,0.076,PT,0.113863636363636,0.886136363636364
QAT,Qatar,,,,,,,,,,,,,,,,,0.692,0.687,0.686,0.681,0.663,0.665,0.668,0.673,0.662,0.657,0.649,0.175,0.168,0.162,0.152,0.19,0.195,0.195,QA,0.478888888888889,0.521111111111111
ROU,Romania,0.519,0.507,0.501,0.482,0.471,0.464,0.464,0.453,0.447,0.44,0.428,0.384,0.38,0.386,0.374,0.364,0.354,0.35,0.353,0.346,0.342,0.321,0.305,0.297,0.293,0.29,0.297,0.252,0.241,0.228,0.223,0.229,0.226,0.227,RO,0.303545454545455,0.696454545454546
RUS,Russian Federation,0.457,0.45,0.441,0.452,0.459,0.456,0.443,0.417,0.404,0.39,0.392,0.38,0.38,0.37,0.344,0.335,0.325,0.292,0.285,0.286,0.274,0.258,0.242,0.23,0.221,0.206,0.196,0.179,0.169,0.16,0.181,0.179,0.171,0.169,RU,0.247818181818182,0.752181818181818
RWA,Rwanda,,,,,,0.598,0.598,0.595,0.591,0.586,0.561,0.552,0.543,0.499,0.486,0.476,0.467,0.465,0.456,0.452,0.451,0.446,0.436,0.427,0.42,0.42,0.413,0.41,0.411,0.408,0.398,0.397,0.398,0.394,RW,0.439681818181818,0.560318181818182
KNA,Saint Kitts and Nevis,,,,,,,,,,,,,,,,,,,,,,,,,,,,,,,,,,,KN,,
LCA,Saint Lucia,0.456,0.447,0.43,0.419,0.422,0.432,0.423,0.453,0.44,0.441,0.427,0.435,0.413,0.383,0.396,0.395,0.403,0.394,0.392,0.381,0.369,0.35,0.368,0.37,0.368,0.362,0.342,0.338,0.332,0.338,0.338,0.328,0.329,0.327,LC,0.364363636363636,0.635636363636364
VCT,Saint Vincent and the Grenadines,,,,,,,,,,,,,,,,,,,,,,,,,,,,,,,,,,,VC,,
WSM,Samoa,,,,,,,,,,,,,,,,,,,,,,,,,,,,,,0.438,0.429,0.444,0.416,0.416,WS,0.4286,0.5714
SMR,San Marino,,,,,,,,,,,,,,,,,,,,,,,,,,,,,,,,,,,SM,,
STP,Sao Tome and Principe,,,,,,,,,,0.598,0.602,0.602,0.596,0.591,0.584,0.579,0.587,0.649,0.581,0.583,0.535,0.54,0.527,0.521,0.51,0.502,0.506,0.491,0.503,0.497,0.47,0.468,0.493,0.492,ST,0.536590909090909,0.463409090909091
SAU,Saudi Arabia,,,,,,,,,,,,,,0.78,0.771,0.766,0.763,0.765,0.762,0.763,0.754,0.751,0.749,0.309,0.308,0.301,0.297,0.309,0.298,0.283,0.245,0.22,0.219,0.228,SA,0.506714285714286,0.493285714285714
SEN,Senegal,,,,,,,,,,,,,,,,0.631,0.627,0.597,0.593,0.584,0.575,0.566,0.54,0.531,0.529,0.528,0.51,0.519,0.508,0.506,0.501,0.497,0.493,0.49,SN,0.543421052631579,0.456578947368421
SRB,Serbia,,,,,,,,,,,,,,,,,0.26,0.22,0.212,0.21,0.208,0.204,0.175,0.165,0.16,0.155,0.145,0.139,0.132,0.118,0.113,0.113,0.116,0.117,RS,0.164555555555556,0.835444444444445
SYC,Seychelles,,,,,,,,,,,,,,,,,,,,,,,,,,,,,,,,,,,SC,,
SLE,Sierra Leone,,,,,,,,,,,,,,0.666,0.663,0.663,0.663,0.665,0.663,0.658,0.652,0.646,0.643,0.639,0.637,0.632,0.622,0.622,0.615,0.612,0.613,0.612,0.611,0.566,SL,0.636333333333333,0.363666666666667
SGP,Singapore,0.258,0.257,0.262,0.265,0.263,0.252,0.261,0.254,0.256,0.264,0.26,0.189,0.181,0.15,0.144,0.137,0.109,0.098,0.089,0.082,0.075,0.075,0.068,0.06,0.054,0.05,0.048,0.049,0.049,0.047,0.034,0.03,0.032,0.031,SG,0.0769090909090909,0.923090909090909
SVK,Slovakia,0.268,0.275,0.272,0.264,0.256,0.242,0.235,0.23,0.224,0.228,0.214,0.206,0.19,0.181,0.191,0.192,0.18,0.182,0.185,0.192,0.203,0.201,0.189,0.189,0.191,0.191,0.192,0.194,0.194,0.193,0.183,0.178,0.178,0.176,SK,0.188409090909091,0.811590909090909
SVN,Slovenia,0.287,0.278,0.27,0.259,0.246,0.24,0.222,0.211,0.189,0.181,0.187,0.139,0.131,0.127,0.124,0.133,0.126,0.139,0.135,0.13,0.127,0.077,0.07,0.07,0.066,0.062,0.057,0.053,0.072,0.069,0.066,0.064,0.04,0.042,SI,0.09,0.91
SLB,Solomon Islands,,,,,,,,,,,,,,,,,,,,,,,,0.578,0.579,0.578,0.574,0.573,0.568,0.525,0.495,0.481,0.479,0.478,SB,0.537090909090909,0.462909090909091
SOM,Somalia,,,,,,,,,,,,,,,,,,,,,,,,,,,,,,,,,0.676,0.675,SO,0.6755,0.3245
ZAF,South Africa,0.495,0.493,0.485,0.483,0.477,0.473,0.481,0.482,0.467,0.453,0.463,0.452,0.458,0.464,0.463,0.444,0.44,0.438,0.455,0.447,0.441,0.437,0.429,0.428,0.429,0.425,0.411,0.406,0.395,0.395,0.391,0.392,0.391,0.388,ZA,0.425772727272727,0.574227272727273
SSD,South Sudan,,,,,,,,,,,,,,,,,,,,,,,,,,,,,,,,,,,SS,,
ESP,Spain,0.189,0.181,0.17,0.161,0.151,0.144,0.141,0.142,0.142,0.152,0.129,0.133,0.13,0.132,0.123,0.124,0.126,0.127,0.122,0.112,0.104,0.095,0.089,0.083,0.079,0.074,0.07,0.067,0.062,0.055,0.049,0.043,0.045,0.043,ES,0.0888181818181818,0.911181818181818
LKA,Sri Lanka,0.447,0.451,0.455,0.452,0.446,0.451,0.452,0.452,0.43,0.452,0.468,0.461,0.459,0.458,0.446,0.435,0.411,0.402,0.397,0.401,0.41,0.4,0.4,0.387,0.374,0.378,0.363,0.361,0.365,0.367,0.368,0.37,0.367,0.367,LK,0.394818181818182,0.605181818181818
SDN,Sudan,0.749,0.744,0.742,0.741,0.727,0.73,0.725,0.723,0.729,0.714,0.711,0.686,0.684,0.682,0.678,0.659,0.646,0.638,0.637,0.635,0.607,0.591,0.588,0.589,0.588,0.577,0.579,0.578,0.583,0.589,0.589,0.596,0.589,0.588,SD,0.613181818181818,0.386818181818182
SUR,Suriname,,,,,,,,,,,,,,,0.524,0.495,0.493,0.487,0.48,0.47,0.516,0.494,0.489,0.493,0.489,0.442,0.425,0.417,0.412,0.4,0.399,0.394,0.392,0.391,SR,0.4551,0.5449
SWE,Sweden,0.098,0.096,0.091,0.087,0.08,0.071,0.066,0.063,0.061,0.059,0.059,0.056,0.053,0.048,0.047,0.047,0.046,0.046,0.048,0.049,0.05,0.05,0.047,0.045,0.042,0.038,0.036,0.034,0.029,0.022,0.017,0.013,0.009,0.007,SE,0.0374090909090909,0.962590909090909
CHE,Switzerland,0.127,0.125,0.12,0.115,0.11,0.106,0.098,0.096,0.095,0.098,0.093,0.087,0.085,0.077,0.077,0.074,0.069,0.062,0.06,0.058,0.056,0.053,0.05,0.043,0.041,0.038,0.038,0.034,0.031,0.016,0.012,0.009,0.008,0.01,CH,0.0455,0.9545
SYR,Syrian Arab Republic,0.556,0.549,0.539,0.537,0.532,0.518,0.538,0.562,0.534,0.496,0.483,0.474,0.454,0.46,0.474,0.481,0.487,0.495,0.488,0.492,0.494,0.482,0.487,0.491,0.491,0.484,0.477,0.483,0.488,0.49,0.491,0.49,0.489,0.49,SY,0.484454545454546,0.515545454545455
TJK,Tajikistan,,,,,,0.55,0.541,0.535,0.527,0.509,0.406,0.405,0.394,0.382,0.372,0.339,0.335,0.337,0.341,0.346,0.357,0.352,0.346,0.338,0.339,0.335,0.305,0.289,0.293,0.292,0.279,0.275,0.262,0.258,TJ,0.325727272727273,0.674272727272727
TZA,Tanzania (United Republic of),,,,,,,,,,,0.634,0.615,0.611,0.607,0.603,0.581,0.578,0.576,0.577,0.571,0.564,0.549,0.543,0.544,0.541,0.536,0.528,0.523,0.518,0.516,0.508,0.507,0.506,0.504,TZ,0.549590909090909,0.450409090909091
THA,Thailand,0.459,0.46,0.459,0.459,0.45,0.444,0.435,0.428,0.422,0.427,0.424,0.402,0.39,0.394,0.404,0.389,0.404,0.391,0.378,0.372,0.368,0.357,0.354,0.352,0.408,0.403,0.394,0.4,0.385,0.31,0.307,0.301,0.298,0.288,TH,0.365772727272727,0.634227272727273
TLS,Timor-Leste,,,,,,,,,,,,,0.583,0.566,0.553,0.551,0.549,0.535,0.533,0.533,0.531,0.509,0.48,0.466,0.455,0.449,0.426,0.432,0.425,0.409,0.403,0.405,0.391,0.394,TL,0.480818181818182,0.519181818181818
TGO,Togo,,,,,,,,,,,,,,,,0.634,0.629,0.616,0.616,0.614,0.626,0.634,0.63,0.607,0.594,0.582,0.586,0.589,0.587,0.585,0.573,0.569,0.568,0.564,TG,0.600157894736842,0.399842105263158
TON,Tonga,0.8,0.794,0.789,0.783,0.776,0.774,0.769,0.768,0.769,0.771,0.767,0.765,0.762,0.76,0.763,0.47,0.475,0.475,0.48,0.485,0.767,0.473,0.476,0.481,0.774,0.77,0.769,0.426,0.425,0.45,0.446,0.774,0.483,0.444,TO,0.574,0.426
TTO,Trinidad and Tobago,0.477,0.442,0.456,0.448,0.435,0.428,0.416,0.412,0.4,0.406,0.395,0.382,0.357,0.362,0.349,0.343,0.345,0.33,0.329,0.318,0.332,0.328,0.321,0.313,0.31,0.288,0.281,0.28,0.277,0.267,0.267,0.266,0.263,0.262,TT,0.308545454545455,0.691454545454545
TUN,Tunisia,,,,,0.501,0.484,0.473,0.455,0.436,0.387,0.381,0.372,0.361,0.353,0.305,0.315,0.307,0.301,0.293,0.278,0.275,0.279,0.278,0.28,0.28,0.265,0.252,0.245,0.236,0.253,0.227,0.206,0.206,0.238,TN,0.274227272727273,0.725772727272727
TKM,Turkmenistan,,,,,,,,,,,,,,,,,,,,,,,,,,,,,,,,,,,TM,,
TUV,Tuvalu,,,,,,,,,,,,,,,,,,,,,,,,,,,,,,,,,,,TV,,
TUR,Türkiye,0.588,0.59,0.589,0.602,0.588,0.583,0.579,0.58,0.577,0.535,0.536,0.527,0.512,0.507,0.514,0.513,0.504,0.45,0.436,0.425,0.411,0.375,0.362,0.348,0.344,0.332,0.324,0.305,0.281,0.27,0.266,0.253,0.24,0.227,TR,0.372681818181818,0.627318181818182
UGA,Uganda,,,,,,,,,,,0.621,0.602,0.599,0.589,0.582,0.574,0.557,0.546,0.543,0.547,0.551,0.556,0.555,0.545,0.546,0.539,0.534,0.535,0.528,0.528,0.525,0.525,0.525,0.524,UG,0.547863636363636,0.452136363636364
UKR,Ukraine,,,,,,,,,,,,,,,,,,,,,,,,,,,,,,,,,,,UA,,
ARE,United Arab Emirates,,,,,,0.764,0.761,0.756,0.75,0.746,0.744,0.736,0.733,0.722,0.719,0.72,0.341,0.215,0.176,0.169,0.165,0.172,0.161,0.154,0.139,0.114,0.104,0.101,0.093,0.039,0.03,0.035,0.035,0.04,AE,0.235318181818182,0.764681818181818
GBR,United Kingdom,0.254,0.253,0.249,0.243,0.238,0.235,0.236,0.238,0.24,0.238,0.216,0.211,0.211,0.211,0.207,0.203,0.198,0.193,0.192,0.186,0.178,0.168,0.161,0.151,0.143,0.129,0.124,0.116,0.111,0.105,0.094,0.084,0.083,0.083,GB,0.151409090909091,0.848590909090909
USA,United States,0.289,0.292,0.291,0.293,0.293,0.292,0.287,0.282,0.281,0.275,0.276,0.269,0.268,0.265,0.26,0.258,0.254,0.254,0.255,0.26,0.245,0.244,0.235,0.231,0.221,0.217,0.214,0.21,0.195,0.191,0.181,0.176,0.173,0.169,US,0.226181818181818,0.773818181818182
URY,Uruguay,0.426,0.429,0.426,0.426,0.426,0.422,0.419,0.415,0.41,0.381,0.379,0.367,0.363,0.357,0.352,0.351,0.349,0.337,0.333,0.324,0.318,0.325,0.324,0.326,0.326,0.29,0.284,0.26,0.254,0.256,0.235,0.221,0.218,0.218,UY,0.300954545454545,0.699045454545455
UZB,Uzbekistan,,,,,,,,,,,0.352,0.334,0.321,0.308,0.227,0.232,0.227,0.227,0.234,0.258,0.272,0.281,0.283,0.275,0.272,0.276,0.267,0.259,0.267,0.269,0.266,0.293,0.297,0.291,UZ,0.268272727272727,0.731727272727273
VUT,Vanuatu,,,,,,,,,,,,,,,,,,,,,0.536,0.576,0.799,0.799,0.8,0.799,0.8,0.799,0.799,0.797,0.796,0.795,0.562,0.556,VU,0.7295,0.2705
VEN,Venezuela (Bolivarian Republic of),0.566,0.557,0.56,0.562,0.557,0.551,0.549,0.543,0.537,0.51,0.502,0.517,0.51,0.514,0.513,0.477,0.476,0.476,0.48,0.485,0.488,0.492,0.491,0.494,0.489,0.492,0.509,0.489,0.488,0.487,0.513,0.512,0.512,0.512,VE,0.495409090909091,0.504590909090909
VNM,Viet Nam,,,,,,0.392,0.383,0.374,0.366,0.359,0.353,0.339,0.331,0.326,0.323,0.317,0.318,0.323,0.327,0.331,0.335,0.339,0.34,0.341,0.341,0.339,0.327,0.325,0.32,0.318,0.312,0.302,0.3,0.299,VN,0.324272727272727,0.675727272727273
YEM,Yemen,,,,,,,,,,,,,,,,,,,,,,,,,0.815,0.824,0.824,0.825,0.825,0.809,0.808,0.839,0.839,0.838,YE,0.8246,0.1754
ZMB,Zambia,0.691,0.667,0.665,0.662,0.659,0.655,0.653,0.65,0.647,0.65,0.65,0.639,0.623,0.615,0.613,0.607,0.596,0.589,0.591,0.594,0.579,0.582,0.58,0.572,0.569,0.561,0.536,0.534,0.529,0.521,0.523,0.526,0.525,0.524,ZM,0.567681818181818,0.432318181818182
ZWE,Zimbabwe,,,,,,0.58,0.579,0.573,0.573,0.587,0.606,0.625,0.607,0.617,0.611,0.581,0.578,0.587,0.6,0.6,0.595,0.589,0.592,0.55,0.538,0.533,0.529,0.52,0.52,0.525,0.519,0.519,0.52,0.519,ZW,0.561318181818182,0.438681818181818
ZZA.VHHD,Very high human development,0.338,0.332,0.327,0.326,0.324,0.32,0.312,0.302,0.297,0.288,0.278,0.268,0.263,0.257,0.249,0.242,0.237,0.23,0.227,0.224,0.214,0.205,0.197,0.187,0.182,0.175,0.169,0.159,0.151,0.141,0.138,0.13,0.126,0.125,,0.192181818181818,0.807818181818182
ZZB.HHD,High human development,,,,,,,,,0.438,0.431,0.427,0.422,0.415,0.407,0.404,0.403,0.398,0.396,0.396,0.39,0.387,0.394,0.383,0.377,0.37,0.365,0.355,0.349,0.34,0.335,0.339,0.338,0.335,0.334,,0.373181818181818,0.626818181818182
ZZC.MHD,Medium human development,,,,,,0.692,0.687,0.683,0.675,0.669,0.662,0.649,0.646,0.64,0.633,0.618,0.606,0.6,0.595,0.588,0.585,0.581,0.58,0.574,0.569,0.556,0.553,0.551,0.55,0.543,0.529,0.527,0.523,0.513,,0.575454545454545,0.424545454545455
ZZD.LHD,Low human development,,,,,,,,,,,,,,,0.665,0.647,0.642,0.636,0.633,0.63,0.625,0.622,0.611,0.607,0.603,0.596,0.593,0.589,0.587,0.582,0.578,0.573,0.573,0.571,,0.60815,0.39185
ZZE.AS,Arab States,,,,,,0.68,0.687,0.682,0.682,0.665,0.661,0.655,0.643,0.639,0.63,0.626,0.616,0.605,0.604,0.599,0.588,0.582,0.564,0.559,0.556,0.548,0.537,0.537,0.539,0.541,0.537,0.537,0.537,0.539,,0.575590909090909,0.424409090909091
ZZF.EAP,East Asia and the Pacific,,,,,,,,,0.391,0.389,0.387,0.381,0.375,0.369,0.368,0.366,0.366,0.365,0.367,0.364,0.366,0.377,0.37,0.361,0.357,0.349,0.343,0.335,0.324,0.318,0.316,0.316,0.316,0.315,,0.350136363636364,0.649863636363636
ZZG.ECA,Europe and Central Asia,,,,,,,,,0.446,0.427,0.405,0.387,0.372,0.368,0.351,0.348,0.339,0.321,0.315,0.309,0.307,0.301,0.29,0.284,0.276,0.27,0.26,0.246,0.242,0.232,0.234,0.23,0.226,0.226,,0.2885,0.7115
ZZH.LAC,Latin America and the Caribbean,0.555,0.544,0.536,0.534,0.529,0.521,0.514,0.508,0.495,0.485,0.481,0.478,0.47,0.458,0.455,0.448,0.446,0.444,0.44,0.434,0.431,0.429,0.422,0.419,0.413,0.408,0.404,0.4,0.393,0.39,0.395,0.39,0.385,0.384,,0.420818181818182,0.579181818181818
ZZI.SA,South Asia,0.708,0.707,0.709,0.71,0.709,0.709,0.704,0.699,0.692,0.685,0.678,0.663,0.665,0.644,0.638,0.61,0.599,0.592,0.58,0.569,0.559,0.555,0.55,0.546,0.536,0.521,0.514,0.512,0.513,0.5,0.483,0.479,0.474,0.458,,0.549863636363636,0.450136363636364
ZZJ.SSA,Sub-Saharan Africa,,,,,,,,,,,0.648,0.645,0.641,0.633,0.627,0.619,0.615,0.61,0.608,0.605,0.603,0.599,0.597,0.594,0.591,0.585,0.583,0.579,0.577,0.575,0.568,0.563,0.561,0.558,,0.595045454545455,0.404954545454546
ZZK.WORLD,World,,,,0.582,0.58,0.579,0.577,0.574,0.568,0.562,0.557,0.551,0.546,0.54,0.533,0.525,0.518,0.514,0.512,0.507,0.504,0.503,0.499,0.494,0.488,0.48,0.475,0.471,0.467,0.464,0.459,0.458,0.457,0.455,,0.494045454545455,0.505954545454546
